d3mIndex,G1.nodeID,community
3,210738,0
15,258878,1
30,45169,2
50,21918,3
54,6883,4
61,178107,5
66,147731,6
72,114450,7
80,128284,8
101,60780,9
111,287800,10
116,163222,11
127,281609,12
130,53266,13
147,368988,14
149,364910,15
158,311319,16
164,99350,17
169,299692,18
172,98608,19
180,22040,20
188,151106,21
202,387653,22
213,85043,23
224,79596,24
238,321708,25
246,269383,26
259,386219,27
266,365474,28
298,187432,29
307,102239,30
326,384300,31
332,59315,32
339,399036,33
349,279484,34
357,163242,35
369,38653,36
377,219348,37
390,35121,38
401,262963,39
406,11738,40
424,165025,41
444,98523,42
453,26468,43
459,96628,44
467,96998,45
473,151555,46
487,267439,47
493,65660,48
513,370470,49
518,280432,50
528,44930,51
531,149906,52
541,263296,53
549,55500,54
555,55722,55
562,95193,56
564,321209,57
571,24529,58
584,236663,59
591,231895,60
599,369279,61
610,333647,62
622,207658,63
629,190862,64
635,90899,65
644,291108,66
648,73902,67
665,316372,68
678,279116,69
683,258351,70
694,282342,71
700,370432,72
709,399609,73
711,69421,74
721,69708,75
724,145548,76
736,295382,77
740,324041,78
755,145576,79
766,364197,80
773,397269,81
779,370687,82
782,198252,83
801,215137,84
806,204901,85
816,308935,86
824,187204,87
826,187288,88
838,103941,89
846,396851,90
851,261575,91
858,303150,92
863,119925,93
881,297210,94
889,299383,95
894,122314,96
905,387931,97
912,254910,98
935,259598,99
953,192274,100
962,127643,101
971,278426,102
981,247403,103
1004,416848,104
1011,194607,105
1015,30028,106
1030,258804,107
1038,57756,108
1053,152830,109
1057,279739,110
1062,58373,111
1077,128275,112
1088,138410,113
1094,135970,114
1098,68302,115
1105,86355,116
1115,67771,117
1121,204018,118
1128,207157,119
1142,348266,120
1151,420478,121
1153,334108,122
1160,304798,123
1170,248309,124
1171,19912,125
1177,235110,126
1189,385928,127
1196,306396,128
1199,26500,129
1226,392209,130
1244,384696,131
1253,361840,132
1263,373975,133
1275,327563,134
1284,28976,135
1290,117876,136
1303,317332,137
1308,16760,138
1317,308942,139
1324,307710,140
1329,355636,141
1337,406243,142
1340,90271,143
1365,245714,144
1383,229393,145
1385,120089,146
1398,289154,147
1403,273040,148
1406,109736,149
1425,384113,150
1432,13702,151
1435,24863,152
1456,349804,153
1460,118564,154
1468,98359,155
1481,56349,156
1486,363710,157
1488,26456,158
1495,91279,159
1519,205598,160
1523,196410,161
1531,329043,162
1537,183920,163
1549,364974,164
1556,189153,165
1567,386032,166
1578,413962,167
1582,44075,168
1597,421554,169
1602,386625,170
1605,17047,171
1613,26304,172
1625,181935,173
1636,46842,174
1643,11751,175
1656,396449,176
1668,146484,177
1674,51084,178
1690,114546,179
1693,244423,180
1701,365259,181
1709,260989,182
1716,90767,183
1728,327204,184
1740,113996,185
1746,126877,186
1755,321351,187
1762,102962,188
1770,117243,189
1779,379882,190
1788,387408,191
1799,362197,192
1804,339913,193
1811,383707,194
1816,18569,195
1823,19253,196
1831,408029,197
1836,366936,198
1844,267895,199
1865,408446,200
1874,283323,201
1879,406226,202
1885,283420,203
1902,305533,204
1910,345844,205
1917,208002,206
1924,276464,207
1933,191277,208
1940,72712,209
1946,91110,210
1957,107716,211
1960,63871,212
1968,97299,213
1973,69363,214
1990,98661,215
1999,125721,216
2016,294557,217
2026,372737,218
2031,93453,219
2037,403283,220
2048,213711,221
2055,59745,222
2064,65648,223
2069,341744,224
2079,407094,225
2085,16833,226
2104,373405,227
2108,137252,228
2122,319381,229
2127,107099,230
2137,292091,231
2144,359313,232
2153,293764,233
2161,210344,234
2174,231321,235
2184,242009,236
2189,296315,237
2199,255516,238
2204,240089,239
2212,234867,240
2227,274852,241
2245,95895,242
2255,25631,243
2259,31236,244
2268,296415,245
2273,78784,246
2282,306990,247
2287,71992,248
2303,49809,249
2312,347790,250
2317,325581,251
2320,76888,252
2331,218135,253
2345,183580,254
2349,287520,255
2359,61413,256
2369,93204,257
2383,406840,258
2399,333702,259
2403,335938,260
2412,287885,261
2416,323570,262
2428,361735,263
2430,113231,264
2439,208782,265
2449,152328,266
2456,360524,267
2460,114308,268
2472,405172,269
2474,10657,270
2493,377744,271
2500,373740,272
2513,389143,273
2516,18837,274
2543,237476,275
2560,229147,276
2568,68221,277
2586,242881,278
2593,247208,279
2606,28476,280
2613,276689,281
2624,257365,282
2647,328179,283
2651,149687,284
2662,336947,285
2668,364112,286
2681,359231,287
2691,401448,288
2696,284065,289
2706,264819,290
2711,151568,291
2728,336524,292
2743,364348,293
2745,356687,294
2752,182177,295
2757,40453,296
2779,162889,297
2795,412590,298
2801,403794,299
2807,165329,300
2814,254711,301
2820,103113,302
2830,339218,303
2837,391428,304
2852,19913,305
2863,16088,306
2869,19601,307
2877,77916,308
2891,241824,309
2893,60933,310
2921,354360,311
2934,350137,312
2936,252326,313
2948,301086,314
2958,324240,315
2967,285074,316
2972,101930,317
2979,335888,318
2984,316533,319
2989,255366,320
3002,306246,321
3015,244535,322
3027,398664,323
3031,175695,324
3040,88702,325
3044,164959,326
3051,41192,327
3062,228614,328
3072,276244,329
3079,62896,330
3102,296201,331
3119,306381,332
3127,230054,333
3134,271393,334
3141,404529,335
3156,51136,336
3180,421195,337
3188,403278,338
3198,200215,339
3208,117219,340
3224,414092,341
3233,411046,342
3235,380277,343
3242,404678,344
3254,289892,345
3259,43163,346
3272,284962,347
3279,261781,348
3285,221803,349
3296,392967,350
3302,370447,351
3311,354370,352
3312,136113,353
3329,333434,354
3336,147792,355
3345,391522,356
3347,170746,357
3357,108869,358
3364,360768,359
3370,372672,360
3378,360269,361
3386,284861,362
3395,371055,363
3406,379096,364
3408,63047,365
3416,153003,366
3423,183233,367
3431,264399,368
3439,408258,369
3444,242847,370
3450,191161,371
3460,185554,372
3493,398861,373
3502,258685,374
3510,299726,375
3513,225064,376
3528,370558,377
3543,380291,378
3548,350575,379
3557,394227,380
3565,387953,381
3582,211975,382
3595,220961,383
3598,42648,384
3610,225509,385
3614,214783,386
3620,151504,387
3631,128994,388
3650,207811,389
3658,220520,390
3661,319213,391
3666,194328,392
3675,386331,393
3686,134393,394
3689,68384,395
3707,109994,396
3721,123621,397
3727,117817,398
3732,113520,399
3742,223331,400
3761,405741,401
3769,294436,402
3777,181065,403
3785,106758,404
3794,197530,405
3804,274587,406
3816,408581,407
3822,193826,408
3827,391088,409
3835,131929,410
3844,406526,411
3850,418747,412
3857,422529,413
3861,302991,414
3871,29807,415
3880,45849,416
3887,403588,417
3892,276301,418
3902,52804,419
3906,99108,420
3913,60584,421
3928,274652,422
3935,66287,423
3949,258268,424
3956,215084,425
3974,309918,426
3977,170345,427
3989,260241,428
3995,202163,429
4005,66159,430
4013,19611,431
4018,31586,432
4021,228822,433
4027,31712,434
4062,267460,435
4066,183443,436
4079,403881,437
4088,272256,438
4092,205627,439
4101,55181,440
4108,162480,441
4118,275682,442
4159,362487,443
4166,276301,444
4174,215151,445
4183,359246,446
4201,317532,447
4202,46223,448
4213,304437,449
4244,246997,450
4260,246964,451
4277,346661,452
4282,234367,453
4288,273806,454
4298,43590,455
4302,35948,456
4310,43799,457
4315,37816,458
4317,40201,459
4334,360857,460
4338,164299,461
4346,287876,462
4353,324742,463
4362,256982,464
4370,225736,465
4373,243699,466
4382,214721,467
4386,239729,468
4391,67437,469
4400,238661,470
4412,144319,471
4432,293629,472
4441,285233,473
4445,121485,474
4457,313826,475
4461,386539,476
4470,398387,477
4471,87153,478
4479,364729,479
4483,34904,480
4493,39258,481
4501,258283,482
4514,245801,483
4520,164660,484
4529,305476,485
4534,42834,486
4595,6779,487
4624,261489,488
4636,260059,489
4648,251947,490
4658,57173,491
4670,52732,492
4682,256383,493
4689,255924,494
4694,50165,495
4713,209761,496
4716,97388,497
4724,131346,498
4732,77850,499
4748,119057,500
4764,352160,501
4768,267587,502
4783,323901,503
4792,349834,504
4800,344897,505
4801,8033,506
4817,267227,507
4826,408355,508
4835,54929,509
4847,383152,510
4857,382681,511
4868,385793,512
4888,131317,513
4920,98570,514
4926,41737,515
4938,114157,516
4946,85063,517
4949,261217,518
4955,19983,519
4988,325869,520
4995,235297,521
5005,325111,522
5014,296438,523
5024,145378,524
5037,319438,525
5039,286824,526
5051,367025,527
5060,309352,528
5072,378079,529
5078,106030,530
5089,51513,531
5097,241119,532
5109,349118,533
5115,70516,534
5128,222218,535
5139,302576,536
5148,28478,537
5166,295020,538
5174,214572,539
5181,332921,540
5188,257736,541
5194,150132,542
5204,369951,543
5214,367781,544
5227,425150,545
5238,325395,546
5241,89527,547
5253,43306,548
5268,379315,549
5272,335704,550
5280,49519,551
5290,302170,552
5303,253829,553
5311,243679,554
5318,91029,555
5328,231242,556
5351,299655,557
5358,178760,558
5370,241755,559
5378,242856,560
5384,235268,561
5389,169221,562
5400,331625,563
5401,56285,564
5408,88314,565
5421,337580,566
5426,117104,567
5438,321273,568
5449,420331,569
5457,413654,570
5463,173305,571
5474,375511,572
5481,343324,573
5489,384028,574
5494,370244,575
5499,179355,576
5506,367514,577
5510,70243,578
5521,375765,579
5527,147355,580
5539,232287,581
5545,95939,582
5560,344950,583
5565,265338,584
5570,260880,585
5586,137148,586
5594,105004,587
5600,169608,588
5603,112318,589
5611,110515,590
5618,79992,591
5633,328450,592
5641,377974,593
5652,319602,594
5678,390126,595
5688,357783,596
5697,131923,597
5707,329834,598
5713,210388,599
5721,269920,600
5730,246116,601
5733,188509,602
5743,177608,603
5750,264029,604
5759,341166,605
5762,102995,606
5798,313378,607
5810,310710,608
5822,296528,609
5838,295134,610
5840,31470,611
5851,175589,612
5860,182068,613
5877,204695,614
5894,143090,615
5904,323436,616
5912,330450,617
5913,197126,618
5921,343209,619
5937,257574,620
5944,256400,621
5953,272747,622
5962,267852,623
5967,259538,624
5979,410352,625
5984,136671,626
5994,327215,627
6032,65928,628
6052,112932,629
6056,329659,630
6069,323000,631
6071,99334,632
6078,335359,633
6085,361962,634
6092,359630,635
6101,380691,636
6108,380092,637
6118,393924,638
6120,70145,639
6132,66769,640
6140,255361,641
6146,167901,642
6152,282931,643
6163,366257,644
6168,104489,645
6185,268047,646
6198,152012,647
6202,152306,648
6212,152835,649
6218,245458,650
6221,83558,651
6231,191890,652
6261,313887,653
6275,308307,654
6284,184732,655
6299,410732,656
6310,222092,657
6319,405644,658
6326,235032,659
6329,176035,660
6346,268285,661
6368,355385,662
6379,418733,663
6381,260427,664
6395,332427,665
6402,308563,666
6409,146475,667
6430,88493,668
6446,297174,669
6458,289071,670
6485,410698,671
6489,209652,672
6495,133642,673
6507,412815,674
6512,350997,675
6516,290730,676
6525,401173,677
6526,59254,678
6535,203872,679
6542,219252,680
6553,406426,681
6558,91035,682
6569,169715,683
6578,258287,684
6584,257361,685
6591,379781,686
6595,166431,687
6604,383899,688
6611,363863,689
6619,215167,690
6626,102167,691
6629,264015,692
6640,396955,693
6644,364122,694
6649,81792,695
6659,420382,696
6666,346546,697
6669,344417,698
6674,242022,699
6685,353111,700
6696,302253,701
6701,311774,702
6707,189657,703
6718,206855,704
6727,199842,705
6733,332251,706
6742,328561,707
6744,209914,708
6752,158228,709
6773,245113,710
6787,248633,711
6796,294735,712
6808,358442,713
6811,320028,714
6816,196162,715
6835,276357,716
6840,255069,717
6848,184960,718
6860,111373,719
6863,285779,720
6872,389502,721
6876,80053,722
6898,137943,723
6912,223042,724
6918,223391,725
6925,186139,726
6927,87314,727
6937,274239,728
6945,331622,729
6954,275119,730
6961,212290,731
6964,410077,732
6974,49135,733
6979,165104,734
6989,375568,735
6996,370013,736
7003,38700,737
7015,251806,738
7018,33013,739
7024,149518,740
7036,115243,741
7043,169454,742
7054,420611,743
7057,222737,744
7062,20658,745
7084,422978,746
7085,104573,747
7098,421007,748
7103,299575,749
7106,139499,750
7134,403754,751
7144,394796,752
7148,188483,753
7158,423374,754
7180,311480,755
7181,118559,756
7202,195186,757
7214,277292,758
7219,194206,759
7224,293782,760
7232,368115,761
7236,79582,762
7245,146989,763
7255,377660,764
7436,412962,765
7454,205575,766
7469,270132,767
7479,256065,768
7491,335986,769
7500,259881,770
7504,159097,771
7511,93795,772
7523,372427,773
7530,156739,774
7535,242904,775
7544,383649,776
7553,362767,777
7563,157279,778
7567,45787,779
7571,45401,780
7582,47685,781
7591,59699,782
7595,30660,783
7609,276262,784
7754,335204,785
7809,12650,786
7814,375476,787
7818,108299,788
7832,391470,789
7839,181770,790
7847,203094,791
7852,122614,792
7865,102924,793
7880,272231,794
7895,331703,795
7899,326323,796
7907,229871,797
7917,202238,798
7924,365021,799
7926,193878,800
7933,145470,801
7960,275076,802
7963,262737,803
7969,192852,804
7977,205621,805
7986,281774,806
7992,281467,807
7994,137807,808
8010,61853,809
8017,220285,810
8044,328331,811
8047,240500,812
8056,102084,813
8065,142544,814
8097,325421,815
8110,321153,816
8119,331088,817
8128,246306,818
8133,173169,819
8150,215305,820
8158,72106,821
8168,380550,822
8180,244098,823
8192,62275,824
8216,335531,825
8224,183531,826
8234,23781,827
8244,200217,828
8270,343336,829
8277,133030,830
8289,320514,831
8295,319014,832
8301,353697,833
8307,363005,834
8317,211452,835
8340,29669,836
8355,16598,837
8376,287496,838
8388,289272,839
8389,69925,840
8396,140538,841
8405,302250,842
8410,183950,843
8417,347808,844
8422,75720,845
8429,194698,846
8438,407257,847
8444,229150,848
8461,394900,849
8467,280902,850
8469,130283,851
8479,210053,852
8488,374660,853
8492,41920,854
8497,38077,855
8508,148633,856
8532,152142,857
8545,372838,858
8551,190377,859
8561,158162,860
8582,189403,861
8595,128648,862
8607,217110,863
8613,403351,864
8622,422391,865
8626,341132,866
8631,246539,867
8638,87314,868
8644,154064,869
8655,186485,870
8663,226043,871
8672,193119,872
8678,238030,873
8685,215927,874
8691,331383,875
8707,109479,876
8746,186493,877
8764,173494,878
8783,66474,879
8797,59806,880
8808,103782,881
8814,154355,882
8823,99828,883
8831,104871,884
8841,94334,885
8847,327737,886
8856,76307,887
8860,92257,888
8863,66743,889
8873,320172,890
8879,83994,891
8887,264764,892
8893,54995,893
8907,278359,894
8916,178162,895
8927,195488,896
8938,286503,897
8947,304791,898
8958,277342,899
8971,89291,900
8978,329107,901
8983,194337,902
9017,218354,903
9057,376393,904
9070,397665,905
9077,250094,906
9085,303108,907
9093,241232,908
9105,350680,909
9108,177681,910
9116,57123,911
9124,154027,912
9133,287736,913
9140,286044,914
9144,19083,915
9154,159824,916
9162,235413,917
9170,221366,918
9172,47199,919
9182,264718,920
9202,395303,921
9212,314256,922
9220,258648,923
9227,294561,924
9235,268226,925
9252,132665,926
9284,177030,927
9296,51875,928
9319,203801,929
9322,60347,930
9330,30952,931
9340,169731,932
9348,204731,933
9356,171573,934
9362,164143,935
9367,114193,936
9374,228854,937
9382,191532,938
9388,251716,939
9401,403506,940
9409,359209,941
9411,112901,942
9418,307076,943
9427,93590,944
9434,151313,945
9465,335330,946
9469,344251,947
9479,353382,948
9481,284086,949
9489,76186,950
9497,60986,951
9503,152505,952
9513,270938,953
9520,217589,954
9522,76140,955
9530,181978,956
9543,27077,957
9555,166102,958
9572,196891,959
9574,48237,960
9580,53296,961
9590,120065,962
9604,311533,963
9608,253429,964
9615,98640,965
9623,118263,966
9631,301080,967
9644,365297,968
9654,253041,969
9669,360261,970
9674,231221,971
9684,304677,972
9689,258074,973
9697,173858,974
9741,282807,975
9755,332542,976
9765,288997,977
9772,229484,978
9784,339116,979
9791,240924,980
9796,239816,981
9803,238249,982
9807,46159,983
9823,303773,984
9826,311792,985
9834,325296,986
9837,136207,987
9851,284861,988
9864,191868,989
9883,247785,990
9899,314337,991
9900,99961,992
9909,257881,993
9928,377755,994
9931,30836,995
9938,275608,996
9948,265321,997
9955,236908,998
9958,180203,999
9970,260096,1000
9978,176813,1001
9992,384999,1002
10013,414489,1003
10016,342241,1004
10033,360981,1005
10046,406724,1006
10048,82422,1007
10058,390681,1008
10070,361377,1009
10080,399262,1010
10090,365865,1011
10100,413508,1012
10104,238949,1013
10111,185556,1014
10120,395017,1015
10131,391459,1016
10134,384822,1017
10143,403476,1018
10146,92941,1019
10157,391466,1020
10158,27452,1021
10167,176007,1022
10174,167244,1023
10184,322060,1024
10189,222455,1025
10199,392707,1026
10207,411052,1027
10223,333026,1028
10228,338536,1029
10240,354890,1030
10248,415769,1031
10256,175573,1032
10266,175094,1033
10270,169085,1034
10275,41312,1035
10301,257401,1036
10309,151417,1037
10317,242104,1038
10324,151373,1039
10334,266944,1040
10338,211976,1041
10351,390391,1042
10357,372545,1043
10366,195477,1044
10378,194204,1045
10382,124377,1046
10392,387172,1047
10395,219016,1048
10410,271067,1049
10422,221672,1050
10435,94877,1051
10449,37166,1052
10465,274734,1053
10469,205205,1054
10477,204165,1055
10493,321104,1056
10501,377702,1057
10506,251458,1058
10516,148243,1059
10536,415916,1060
10546,377740,1061
10553,300038,1062
10565,424031,1063
10570,417970,1064
10584,70624,1065
10594,65572,1066
10605,69514,1067
10614,68981,1068
10619,56552,1069
10628,65552,1070
10635,366563,1071
10653,367971,1072
10660,300849,1073
10680,334953,1074
10694,331077,1075
10705,334113,1076
10713,338565,1077
10720,352785,1078
10727,341610,1079
10728,11949,1080
10755,352225,1081
10762,348599,1082
10767,275400,1083
10776,348921,1084
10777,55539,1085
10788,35623,1086
10802,343759,1087
10811,80307,1088
10813,4572,1089
10826,292364,1090
10831,300282,1091
10836,104553,1092
10861,369968,1093
10878,371419,1094
10891,364580,1095
10899,361191,1096
10912,397515,1097
11031,240673,1098
11163,243393,1099
11175,314397,1100
11180,352313,1101
11201,326752,1102
11221,211536,1103
11244,333729,1104
11253,222028,1105
11260,347903,1106
11262,292746,1107
11270,203956,1108
11281,196935,1109
11284,166479,1110
11293,215688,1111
11300,167318,1112
11304,86072,1113
11311,115977,1114
11320,172121,1115
11326,257365,1116
11335,55742,1117
11340,136796,1118
11347,377575,1119
11355,369837,1120
11365,201437,1121
11371,247653,1122
11377,160968,1123
11392,303710,1124
11400,349281,1125
11410,229893,1126
11422,257251,1127
11427,87302,1128
11432,98365,1129
11447,348307,1130
11459,371911,1131
11461,314005,1132
11476,369336,1133
11484,243995,1134
11489,237615,1135
11497,176504,1136
11500,161481,1137
11511,293617,1138
11514,191978,1139
11523,265726,1140
11529,127633,1141
11540,201408,1142
11549,268466,1143
11557,256550,1144
11564,220905,1145
11575,210094,1146
11585,361153,1147
11592,413915,1148
11595,186435,1149
11604,354192,1150
11606,91255,1151
11618,323238,1152
11629,382522,1153
11637,289214,1154
11648,312865,1155
11664,264260,1156
11675,392763,1157
11683,384592,1158
11685,175792,1159
11691,132340,1160
11699,265926,1161
11708,219075,1162
11716,355263,1163
11729,171193,1164
11750,371935,1165
11763,387599,1166
11769,386319,1167
11785,349132,1168
11792,340517,1169
11803,118962,1170
11816,185556,1171
11822,93814,1172
11831,87531,1173
11839,38777,1174
11847,111708,1175
11852,86325,1176
11857,7967,1177
11872,76421,1178
11878,103141,1179
11883,240575,1180
11888,62714,1181
11908,171153,1182
11915,320242,1183
11922,369970,1184
11929,84147,1185
11952,278850,1186
11953,88342,1187
11969,375591,1188
11979,285807,1189
11981,336613,1190
11991,407249,1191
11998,168105,1192
12046,366985,1193
12068,305994,1194
12083,236461,1195
12096,196377,1196
12107,107449,1197
12129,376986,1198
12132,73662,1199
12144,260547,1200
12156,257579,1201
12165,257905,1202
12166,193666,1203
12176,235138,1204
12184,302783,1205
12187,198449,1206
12196,378154,1207
12198,192069,1208
12203,73095,1209
12211,176636,1210
12225,370051,1211
12241,370156,1212
12250,378102,1213
12255,364551,1214
12260,386788,1215
12275,417287,1216
12278,173697,1217
12301,89125,1218
12308,257985,1219
12321,324450,1220
12327,157175,1221
12333,248474,1222
12335,200983,1223
12343,389979,1224
12350,279489,1225
12365,168945,1226
12374,373534,1227
12384,240577,1228
12388,260136,1229
12399,316286,1230
12405,289163,1231
12417,344149,1232
12423,115336,1233
12455,47567,1234
12465,146250,1235
12476,221267,1236
12542,420106,1237
12552,388970,1238
12555,197886,1239
12574,279956,1240
12582,371391,1241
12587,246445,1242
12600,367290,1243
12601,311695,1244
12608,29522,1245
12626,155651,1246
12633,110467,1247
12640,189322,1248
12663,279147,1249
12675,325698,1250
12681,346090,1251
12687,333019,1252
12690,381735,1253
12703,315267,1254
12707,311073,1255
12716,141642,1256
12736,294376,1257
12741,132846,1258
12756,258877,1259
12761,410135,1260
12766,148930,1261
12773,71671,1262
12780,297052,1263
12788,98130,1264
12794,124145,1265
12798,216852,1266
12810,208317,1267
12814,341001,1268
12820,272289,1269
12828,215876,1270
12834,231839,1271
12844,349988,1272
12850,147269,1273
12863,203577,1274
12868,132018,1275
12884,241798,1276
12893,365591,1277
12902,79636,1278
12916,164791,1279
12926,96393,1280
12941,132094,1281
12950,163660,1282
12953,207550,1283
12966,363951,1284
12972,233212,1285
12984,298469,1286
12985,9909,1287
12995,366016,1288
12998,174893,1289
13005,76155,1290
13012,204968,1291
13021,172641,1292
13033,57906,1293
13047,194194,1294
13053,164277,1295
13062,389978,1296
13064,189,1297
13085,274794,1298
13094,122904,1299
13103,148563,1300
13111,298588,1301
13121,296854,1302
13475,326693,1303
13501,174598,1304
13514,145156,1305
13526,15930,1306
13557,310038,1307
13569,89463,1308
13573,168508,1309
13581,279300,1310
13599,286274,1311
13615,286278,1312
13623,350605,1313
13630,210356,1314
13634,22475,1315
13649,368851,1316
13654,220238,1317
13667,328709,1318
13693,391302,1319
13703,363834,1320
13716,366643,1321
13722,255716,1322
13731,373265,1323
13738,370970,1324
13744,370968,1325
13748,162538,1326
13765,214290,1327
13794,133643,1328
13808,121953,1329
13817,72714,1330
13830,362124,1331
13835,324610,1332
13843,51562,1333
13865,374333,1334
13869,235298,1335
13879,299343,1336
13892,218278,1337
13909,390637,1338
13918,395366,1339
13925,355372,1340
13930,342576,1341
13944,218951,1342
13952,279658,1343
13954,49064,1344
13969,280599,1345
13974,262302,1346
13980,26312,1347
14012,174010,1348
14023,209956,1349
14028,223507,1350
14035,235513,1351
14046,365386,1352
14084,406825,1353
14094,206792,1354
14108,177335,1355
14120,312761,1356
14137,410009,1357
14144,162674,1358
14159,329937,1359
14160,5804,1360
14170,156739,1361
14177,152386,1362
14218,345174,1363
14228,342898,1364
14234,327098,1365
14238,54707,1366
14252,142346,1367
14254,22024,1368
14262,44468,1369
14279,312909,1370
14282,52757,1371
14301,340778,1372
14312,241268,1373
14321,299290,1374
14332,170645,1375
14339,361978,1376
14346,408569,1377
14350,383916,1378
14354,37964,1379
14373,318340,1380
14398,310114,1381
14407,254238,1382
14421,345253,1383
14428,352422,1384
14432,180970,1385
14444,35180,1386
14454,99744,1387
14463,351803,1388
14466,120026,1389
14476,227403,1390
14477,119569,1391
14487,294376,1392
14490,69512,1393
14501,217412,1394
14516,328906,1395
14525,328586,1396
14553,332477,1397
14566,387001,1398
14572,366861,1399
14577,196871,1400
14588,86783,1401
14629,402165,1402
14635,318800,1403
14671,373370,1404
14676,293439,1405
14688,99634,1406
14705,383252,1407
14709,383236,1408
14721,329854,1409
14730,371547,1410
14734,384795,1411
14745,282448,1412
14759,168367,1413
14765,68598,1414
14795,120586,1415
14820,120409,1416
14828,116013,1417
14838,153328,1418
14847,160500,1419
14853,120258,1420
14857,157313,1421
14863,113575,1422
14871,178119,1423
14877,102360,1424
14887,137901,1425
14891,234417,1426
14901,286974,1427
14912,263586,1428
14922,393234,1429
14925,10369,1430
14940,147165,1431
14946,156645,1432
14955,388653,1433
14976,420706,1434
14985,415650,1435
14992,402344,1436
15002,35894,1437
15024,277193,1438
15029,328614,1439
15040,310180,1440
15055,256062,1441
15070,331239,1442
15081,326585,1443
15089,13668,1444
15102,125276,1445
15117,379104,1446
15119,273963,1447
15132,395357,1448
15137,265389,1449
15144,333283,1450
15155,109499,1451
15167,190478,1452
15180,187690,1453
15187,184052,1454
15192,114546,1455
15197,65725,1456
15204,80920,1457
15220,239935,1458
15226,86055,1459
15233,318361,1460
15244,96508,1461
15254,215421,1462
15267,355566,1463
15272,404041,1464
15284,244424,1465
15297,193652,1466
15306,155304,1467
15316,165038,1468
15319,150200,1469
15328,104429,1470
15336,358741,1471
15339,11925,1472
15348,157075,1473
15354,125520,1474
15363,26477,1475
15370,12718,1476
15387,40085,1477
15394,43671,1478
15397,56097,1479
15408,85810,1480
15418,72014,1481
15435,329901,1482
15441,294629,1483
15445,156673,1484
15453,242977,1485
15456,34921,1486
15472,182401,1487
15504,247267,1488
15518,293376,1489
15526,230531,1490
15540,290602,1491
15546,368335,1492
15558,304974,1493
15564,171191,1494
15569,379830,1495
15577,321906,1496
15587,306916,1497
15593,80257,1498
15601,329658,1499
15607,92328,1500
15614,62371,1501
15622,303190,1502
15631,179320,1503
15648,127598,1504
15666,155612,1505
15680,211814,1506
15688,63635,1507
15707,368161,1508
15708,15385,1509
15719,113309,1510
15724,108253,1511
15733,298525,1512
15741,155753,1513
15785,401140,1514
15792,377671,1515
15795,187638,1516
15801,117875,1517
15812,337839,1518
15816,337998,1519
15819,136243,1520
15842,135746,1521
15848,137556,1522
15858,237323,1523
15865,210086,1524
15873,311909,1525
15879,117963,1526
15884,105408,1527
15898,177812,1528
15902,215566,1529
15921,230349,1530
15926,285897,1531
15933,171145,1532
15943,142447,1533
15952,322121,1534
15955,151262,1535
15959,51252,1536
15965,28421,1537
15990,378183,1538
16001,233036,1539
16013,130318,1540
16022,256143,1541
16027,23662,1542
16037,304196,1543
16043,359934,1544
16053,192895,1545
16062,326856,1546
16070,235524,1547
16080,183936,1548
16085,212636,1549
16094,262276,1550
16103,267669,1551
16262,313201,1552
16529,359943,1553
16546,373108,1554
16555,270816,1555
16567,324922,1556
16572,291314,1557
16576,143175,1558
16585,394223,1559
16590,214731,1560
16595,34726,1561
16613,88148,1562
16624,230076,1563
16639,310588,1564
16646,239332,1565
16656,295137,1566
16665,376023,1567
16670,105305,1568
16680,113782,1569
16688,308608,1570
16692,54179,1571
16697,18359,1572
16726,34110,1573
16742,269880,1574
16743,6779,1575
16941,266451,1576
16980,85805,1577
16994,112000,1578
17001,148345,1579
17008,354378,1580
17020,285060,1581
17037,396231,1582
17044,410890,1583
17060,326139,1584
17108,241870,1585
17165,358279,1586
17171,250514,1587
17207,353605,1588
17214,328572,1589
17231,330842,1590
17242,340832,1591
17254,237373,1592
17258,326192,1593
17264,342644,1594
17270,327019,1595
17280,326151,1596
17284,328883,1597
17289,26802,1598
17499,312797,1599
17620,246681,1600
17638,353852,1601
17642,246723,1602
17651,177001,1603
17658,59034,1604
17667,253457,1605
17675,388890,1606
17687,363611,1607
17697,68357,1608
17717,233844,1609
17726,144353,1610
17733,51462,1611
17745,215160,1612
17752,230151,1613
17757,142694,1614
17767,236287,1615
17769,96114,1616
17777,212379,1617
17785,230680,1618
17790,72650,1619
17803,156643,1620
17811,195568,1621
17816,149990,1622
17827,135564,1623
17834,167322,1624
17840,18076,1625
17852,42294,1626
17863,324653,1627
17868,132326,1628
17876,396491,1629
17880,242807,1630
17887,211819,1631
17894,115208,1632
17904,91470,1633
17909,89810,1634
17930,281499,1635
17944,380300,1636
17952,232631,1637
17965,187230,1638
17983,358009,1639
17993,379740,1640
18003,370133,1641
18006,30030,1642
18020,325346,1643
18027,402840,1644
18032,261353,1645
18036,171102,1646
18042,183546,1647
18053,192951,1648
18060,182653,1649
18069,313428,1650
18086,291331,1651
18091,63432,1652
18111,154496,1653
18134,296608,1654
18170,170322,1655
18268,207858,1656
18282,128740,1657
18304,303784,1658
18321,409139,1659
18327,267446,1660
18334,232120,1661
18349,350160,1662
18351,215390,1663
18359,237223,1664
18368,328479,1665
18375,336502,1666
18379,214629,1667
18393,240596,1668
18404,303127,1669
18411,128517,1670
18418,102588,1671
18428,298991,1672
18435,359736,1673
18441,258109,1674
18443,9220,1675
18452,166893,1676
18457,135222,1677
18465,23740,1678
18473,148854,1679
18483,219235,1680
18491,236020,1681
18506,262825,1682
18515,118918,1683
18530,219016,1684
18538,224042,1685
18551,289570,1686
18557,341603,1687
18563,304906,1688
18567,58946,1689
18577,346849,1690
18595,411614,1691
18597,32719,1692
18609,169645,1693
18620,311383,1694
18628,311806,1695
18630,226537,1696
18636,266498,1697
18646,392537,1698
18666,267542,1699
18683,411847,1700
18691,287101,1701
18698,322264,1702
18700,298277,1703
18709,242266,1704
18712,116671,1705
18720,184487,1706
18729,226226,1707
18733,107606,1708
18766,97283,1709
18792,394421,1710
18804,414127,1711
18808,299626,1712
18819,345937,1713
18827,296636,1714
18830,202628,1715
18839,162844,1716
18846,12508,1717
19097,265311,1718
19281,134561,1719
19318,291717,1720
19323,59845,1721
19332,58413,1722
19343,174790,1723
19359,164989,1724
19367,61559,1725
19381,167283,1726
19388,339180,1727
19394,284672,1728
19400,84363,1729
19419,163971,1730
19438,268719,1731
19446,225629,1732
19450,115358,1733
19462,125689,1734
19470,72643,1735
19476,71974,1736
19482,117646,1737
19492,231519,1738
19507,119365,1739
19514,299305,1740
19517,150391,1741
19525,142901,1742
19530,154814,1743
19535,149493,1744
19546,78120,1745
19558,168727,1746
19567,218238,1747
19572,175430,1748
19584,265910,1749
19592,336480,1750
19596,362269,1751
19605,249415,1752
19610,155816,1753
19619,342070,1754
19628,382439,1755
19635,287860,1756
19638,74702,1757
19796,152883,1758
19822,19523,1759
19855,114042,1760
19884,115144,1761
19899,117785,1762
19909,58881,1763
19925,115084,1764
19935,111662,1765
19953,114410,1766
19969,136627,1767
19974,63175,1768
19990,145330,1769
20002,116506,1770
20009,111560,1771
20019,111812,1772
20028,122626,1773
20034,145383,1774
20044,118382,1775
20054,112817,1776
20068,129101,1777
20085,234571,1778
20093,378792,1779
20108,47341,1780
20120,314537,1781
20124,153023,1782
20131,146476,1783
20142,128166,1784
20146,101471,1785
20151,110951,1786
20159,46611,1787
20166,70495,1788
20177,83877,1789
20184,238147,1790
20195,330283,1791
20202,423249,1792
20208,412944,1793
20213,140305,1794
20229,323205,1795
20231,218914,1796
20239,333411,1797
20245,14077,1798
20268,181517,1799
20293,406907,1800
20297,105567,1801
20313,364511,1802
20316,143155,1803
20323,206283,1804
20335,317155,1805
20338,191388,1806
20345,207122,1807
20352,139501,1808
20506,174974,1809
20722,422134,1810
20725,195927,1811
20736,256162,1812
20743,135488,1813
20750,217821,1814
20751,96077,1815
20765,371377,1816
20768,67767,1817
20777,117645,1818
20782,60799,1819
20797,262477,1820
20805,193652,1821
20810,35344,1822
20816,177378,1823
20835,135135,1824
20841,88062,1825
20847,76040,1826
20857,218061,1827
20865,310215,1828
20905,234065,1829
20981,372392,1830
20987,370770,1831
20992,124627,1832
20996,25678,1833
21005,96466,1834
21021,169665,1835
21033,218413,1836
21046,293422,1837
21052,137775,1838
21065,325185,1839
21071,167086,1840
21079,258954,1841
21082,74355,1842
21090,78939,1843
21103,302015,1844
21108,190544,1845
21121,309710,1846
21127,265985,1847
21130,32357,1848
21176,142642,1849
21348,69470,1850
21430,277984,1851
21448,417525,1852
21453,218627,1853
21467,238451,1854
21475,337157,1855
21480,132946,1856
21488,255586,1857
21498,330325,1858
21510,239780,1859
21521,297469,1860
21528,180184,1861
21545,377860,1862
21548,165458,1863
21560,214866,1864
21569,352789,1865
21575,155722,1866
21586,413995,1867
21590,276301,1868
21597,371105,1869
21604,394408,1870
21608,334020,1871
21614,174960,1872
21631,205829,1873
21639,349863,1874
21641,280907,1875
21652,306637,1876
21677,197300,1877
21689,134262,1878
21693,132029,1879
21700,50035,1880
21713,141980,1881
21719,65063,1882
21729,308380,1883
21739,297776,1884
21745,337900,1885
21748,209504,1886
21763,189328,1887
21771,133085,1888
21781,348207,1889
21789,204574,1890
21795,297181,1891
21801,118717,1892
21810,113410,1893
21812,111514,1894
21819,217737,1895
21828,118657,1896
21834,338584,1897
21838,45717,1898
21845,337312,1899
21847,11710,1900
21856,307340,1901
21866,341256,1902
21951,111818,1903
22131,162787,1904
22168,336327,1905
22188,421232,1906
22191,139353,1907
22206,215582,1908
22224,268298,1909
22236,408855,1910
22245,262779,1911
22249,63738,1912
22258,11005,1913
22268,271627,1914
22274,167437,1915
22283,293828,1916
22286,90344,1917
22294,407285,1918
22304,174072,1919
22306,65731,1920
22313,176919,1921
22319,85651,1922
22330,378328,1923
22382,341389,1924
22429,359410,1925
22433,143563,1926
22460,374275,1927
22478,292265,1928
22489,338194,1929
22503,420572,1930
22509,229910,1931
22515,49190,1932
22528,373186,1933
22535,391519,1934
22540,332769,1935
22545,260139,1936
22554,195288,1937
22556,180528,1938
22562,109737,1939
22572,324762,1940
22574,76224,1941
22585,335591,1942
22591,401003,1943
22599,201075,1944
22618,295107,1945
22633,318123,1946
22639,290133,1947
22651,305970,1948
22653,296844,1949
22659,171184,1950
22670,304020,1951
22687,33795,1952
22690,186544,1953
22698,274843,1954
22701,140271,1955
22710,286275,1956
22721,260556,1957
22727,24852,1958
22746,338577,1959
22751,164711,1960
22754,97316,1961
22763,93174,1962
22770,290984,1963
22778,371108,1964
22790,170382,1965
22796,190230,1966
22812,295751,1967
22816,218459,1968
22824,291599,1969
22827,161985,1970
22843,370940,1971
22849,235138,1972
22857,196162,1973
22864,346367,1974
22868,98199,1975
22873,14794,1976
22886,264662,1977
22902,246017,1978
22908,177596,1979
22916,239642,1980
22925,246935,1981
22931,338969,1982
22942,77108,1983
22946,89294,1984
22959,43154,1985
22966,124520,1986
22974,257189,1987
22988,279835,1988
22999,339209,1989
23000,48883,1990
23008,29934,1991
23015,241552,1992
23022,182807,1993
23032,174094,1994
23045,390786,1995
23046,13446,1996
23057,202944,1997
23061,69227,1998
23080,207125,1999
23086,305930,2000
23092,327509,2001
23100,366427,2002
23103,151786,2003
23114,255020,2004
23121,70613,2005
23128,54662,2006
23144,38380,2007
23146,4584,2008
23153,70043,2009
23164,212568,2010
23168,10908,2011
23179,95677,2012
23182,72714,2013
23195,159724,2014
23454,328410,2015
23549,163820,2016
23559,19434,2017
23581,119924,2018
23605,173243,2019
23611,131274,2020
23630,140486,2021
23631,21005,2022
23649,265966,2023
23658,268508,2024
23666,123648,2025
23669,74997,2026
23678,89316,2027
23686,212977,2028
23696,403492,2029
23700,321146,2030
23706,384565,2031
23712,329551,2032
23718,208106,2033
23721,86496,2034
23728,50308,2035
24232,260757,2036
24400,168694,2037
24405,78407,2038
24409,129887,2039
24424,103182,2040
24429,163218,2041
24536,74710,2042
24826,144264,2043
24844,229003,2044
24864,69596,2045
24877,328602,2046
24883,97357,2047
24893,276770,2048
24898,353502,2049
24903,90304,2050
24909,72951,2051
24915,48864,2052
24937,286008,2053
24951,132628,2054
24972,308649,2055
24976,184743,2056
24983,206332,2057
25000,308485,2058
25005,236412,2059
25012,20310,2060
25248,171157,2061
25267,205305,2062
25287,287331,2063
25313,309058,2064
25332,401453,2065
25338,363724,2066
25351,366899,2067
25358,304659,2068
25369,223833,2069
25380,371699,2070
25386,176085,2071
25389,52580,2072
25397,111470,2073
25404,304968,2074
25409,120321,2075
25419,395456,2076
25426,384052,2077
25431,118263,2078
25434,281989,2079
25446,78788,2080
25562,34296,2081
25586,153538,2082
25606,309810,2083
25614,96763,2084
25621,97815,2085
25633,61591,2086
25642,313818,2087
25646,215967,2088
25650,147773,2089
25659,82065,2090
25670,154625,2091
25673,230108,2092
25681,381825,2093
25685,109433,2094
25695,188348,2095
25699,326227,2096
25713,311790,2097
25719,249479,2098
25720,93347,2099
25733,29221,2100
25746,297081,2101
25747,72856,2102
25757,326407,2103
25762,290332,2104
25767,154419,2105
25779,170439,2106
25781,179456,2107
25789,166661,2108
25797,169719,2109
25802,63770,2110
25809,107691,2111
25819,239663,2112
25829,193787,2113
25832,36858,2114
25841,403649,2115
25847,170504,2116
25857,166586,2117
25878,285404,2118
25883,247306,2119
25891,269260,2120
25894,266022,2121
25901,242906,2122
25908,275191,2123
25916,115213,2124
25920,118431,2125
25931,139596,2126
25938,128081,2127
25944,130451,2128
25948,98061,2129
25956,121013,2130
25963,120858,2131
25966,12985,2132
25973,119093,2133
25980,130108,2134
25988,171831,2135
25996,2010,2136
26009,7056,2137
26023,193761,2138
26038,212002,2139
26041,184243,2140
26052,86047,2141
26059,59936,2142
26071,209612,2143
26078,219269,2144
26080,295265,2145
26086,72926,2146
26096,65836,2147
26110,355077,2148
26117,264767,2149
26122,356009,2150
26127,394445,2151
26132,129029,2152
26142,247402,2153
26150,198239,2154
26162,190545,2155
26174,247187,2156
26187,226906,2157
26189,15732,2158
26201,284990,2159
26215,366225,2160
26224,74868,2161
26238,214507,2162
26249,235027,2163
26259,330451,2164
26267,201972,2165
26274,329872,2166
26282,259660,2167
26291,344784,2168
26295,216198,2169
26299,106030,2170
26304,134103,2171
26314,225549,2172
26332,401217,2173
26335,38532,2174
26354,246029,2175
26359,47126,2176
26375,347132,2177
26379,112706,2178
26389,306315,2179
26396,115698,2180
26409,344876,2181
26417,165838,2182
26422,264981,2183
26429,236006,2184
26436,293938,2185
26442,421539,2186
26448,190192,2187
26450,89621,2188
26457,150007,2189
26467,155594,2190
26478,88494,2191
26485,94304,2192
26495,276244,2193
26503,211636,2194
26513,67670,2195
26521,193452,2196
26529,260495,2197
26536,246845,2198
26545,214534,2199
26553,322069,2200
26559,329620,2201
26562,85700,2202
26569,28764,2203
26582,195526,2204
26606,379863,2205
26612,118620,2206
26628,191844,2207
26634,301630,2208
26641,272842,2209
26812,297258,2210
26880,282481,2211
26894,225783,2212
26912,221514,2213
26929,234541,2214
26941,276178,2215
26947,335551,2216
26952,48684,2217
26962,252263,2218
26971,204132,2219
26976,318421,2220
26984,257177,2221
26990,247812,2222
27002,269897,2223
27020,362491,2224
27028,214600,2225
27034,81285,2226
27047,321143,2227
27052,155939,2228
27057,200009,2229
27064,359627,2230
27071,176150,2231
27082,4914,2232
27098,297956,2233
27106,64905,2234
27118,397515,2235
27119,92286,2236
27129,242539,2237
27136,178178,2238
27140,54734,2239
27146,6889,2240
27156,146879,2241
27166,370901,2242
27173,340081,2243
27180,264648,2244
27185,97364,2245
27196,211742,2246
27202,107357,2247
27206,171600,2248
27209,1339,2249
27217,35041,2250
27225,57371,2251
27232,112478,2252
27240,163747,2253
27259,253596,2254
27289,257464,2255
27302,295336,2256
27319,395363,2257
27328,228887,2258
27336,379679,2259
27338,286761,2260
27344,87065,2261
27354,297760,2262
27360,81460,2263
27363,20779,2264
27372,156926,2265
27376,36851,2266
27386,133779,2267
27392,44896,2268
27405,163124,2269
27416,263258,2270
27427,169694,2271
27434,275035,2272
27437,189356,2273
27458,335531,2274
27472,308687,2275
27486,297365,2276
27488,242001,2277
27498,337777,2278
27512,368306,2279
27515,231638,2280
27528,310181,2281
27531,293433,2282
27540,341999,2283
27544,92087,2284
27553,346811,2285
27558,46939,2286
27568,333268,2287
27571,242776,2288
27578,337633,2289
27585,320537,2290
27597,324192,2291
27608,56156,2292
27622,376992,2293
27625,326239,2294
27632,94037,2295
27643,235536,2296
27649,150419,2297
27655,240597,2298
27664,148930,2299
27668,58457,2300
27678,260308,2301
27684,54474,2302
27693,233431,2303
27700,170333,2304
27703,71705,2305
27713,132588,2306
27727,169887,2307
27736,80902,2308
27744,105408,2309
27745,147072,2310
27752,135267,2311
27759,53681,2312
27786,181541,2313
27793,70352,2314
27797,142195,2315
27802,298445,2316
27813,247961,2317
27818,207629,2318
27823,87110,2319
27847,132642,2320
27868,230551,2321
27886,286821,2322
27895,289322,2323
27910,189848,2324
27914,148160,2325
27927,90402,2326
27935,295708,2327
27943,305122,2328
27948,134494,2329
27953,233837,2330
27959,134960,2331
27965,232612,2332
27972,77916,2333
27983,275268,2334
27996,321261,2335
28003,44469,2336
28009,183338,2337
28018,167886,2338
28026,277121,2339
28077,305068,2340
28084,298648,2341
28113,313532,2342
28119,172222,2343
28132,259568,2344
28141,76821,2345
28157,305724,2346
28171,295485,2347
28183,292824,2348
28185,60980,2349
28196,292440,2350
28204,251458,2351
28209,83640,2352
28214,40882,2353
28231,215452,2354
28238,327776,2355
28246,403283,2356
28251,168329,2357
28259,232300,2358
28268,254349,2359
28294,194900,2360
28308,249258,2361
28311,110556,2362
28321,389500,2363
28328,147270,2364
28336,68841,2365
28347,375770,2366
28359,398400,2367
28370,193762,2368
28387,369490,2369
28397,207700,2370
28403,259419,2371
28415,235055,2372
28417,88430,2373
28428,301134,2374
28435,383746,2375
28440,321126,2376
28444,161992,2377
28450,136674,2378
28459,295267,2379
28466,189604,2380
28473,297060,2381
28476,237664,2382
28503,237705,2383
28511,272519,2384
28525,248617,2385
28529,308849,2386
28537,315544,2387
28544,312628,2388
28548,116709,2389
28559,324880,2390
28566,278069,2391
28570,112846,2392
29040,287773,2393
29220,234908,2394
29227,205875,2395
29240,155481,2396
29245,187281,2397
29255,312523,2398
29262,365701,2399
29268,244567,2400
29271,327734,2401
29282,192154,2402
29289,216161,2403
29297,34557,2404
29428,198964,2405
29503,54910,2406
29538,105859,2407
29549,78203,2408
29566,185797,2409
29576,247517,2410
29585,193307,2411
29591,99144,2412
29596,177189,2413
29606,167247,2414
29614,288817,2415
29618,66741,2416
29628,93550,2417
29641,392308,2418
29652,341168,2419
29664,32161,2420
29680,324651,2421
29695,160393,2422
29705,243561,2423
29713,378119,2424
29722,177190,2425
29735,409378,2426
29741,420249,2427
29744,243763,2428
29752,407644,2429
29759,406466,2430
29761,68517,2431
29768,267844,2432
29784,280488,2433
29792,285443,2434
29803,416335,2435
29810,346127,2436
29812,21934,2437
30060,151124,2438
30524,334903,2439
30542,273048,2440
30548,23993,2441
30561,193142,2442
30574,163744,2443
30579,231431,2444
30589,161466,2445
30599,265285,2446
30607,149687,2447
30617,201388,2448
30627,249272,2449
30637,223115,2450
30640,248777,2451
30647,254791,2452
30653,60079,2453
30670,242670,2454
30681,229188,2455
30693,257251,2456
30701,184177,2457
30709,194166,2458
30718,305636,2459
30720,166140,2460
30728,164742,2461
30736,178907,2462
30741,130256,2463
30746,190481,2464
30756,316549,2465
30761,158971,2466
30768,121856,2467
30778,184815,2468
30783,169936,2469
31243,158056,2470
31743,385650,2471
31747,43680,2472
31760,273383,2473
31776,394546,2474
31789,356929,2475
31790,261175,2476
31806,415521,2477
31808,172337,2478
31817,258249,2479
31827,414490,2480
31833,250977,2481
31840,327640,2482
31843,253784,2483
31847,26706,2484
31855,237165,2485
31860,57680,2486
31869,173169,2487
31873,21552,2488
31888,164952,2489
31890,46075,2490
31912,109312,2491
31924,155756,2492
31930,21973,2493
31938,45662,2494
31946,217600,2495
31953,54720,2496
31963,297360,2497
31973,368988,2498
31977,150299,2499
31986,290042,2500
31990,239710,2501
31994,168827,2502
32001,245386,2503
32006,56423,2504
32015,170457,2505
32022,219616,2506
32033,265626,2507
32038,324361,2508
32046,369313,2509
32049,266506,2510
32057,233048,2511
32074,89043,2512
32210,332691,2513
32220,137342,2514
32270,299133,2515
32287,174713,2516
32306,187939,2517
32333,200950,2518
32357,273100,2519
32367,146818,2520
32392,291982,2521
32411,185871,2522
32421,116410,2523
32441,111333,2524
32460,271021,2525
32484,183188,2526
32500,250694,2527
32511,168678,2528
32527,292530,2529
32539,383113,2530
32554,342349,2531
32562,188475,2532
32576,372283,2533
32585,193227,2534
32596,239323,2535
32599,86676,2536
32612,190797,2537
32617,167884,2538
32628,308277,2539
32633,260526,2540
32640,259538,2541
32648,419280,2542
32650,107089,2543
32657,172974,2544
32661,62676,2545
32668,44544,2546
32678,267357,2547
32679,19420,2548
32696,199234,2549
32707,323992,2550
32709,218832,2551
32719,364977,2552
32734,39435,2553
32741,276066,2554
32748,168416,2555
32767,228977,2556
32785,233170,2557
32800,247167,2558
32802,71653,2559
32816,230096,2560
32821,93165,2561
32833,218700,2562
32838,63649,2563
32846,120314,2564
32857,236976,2565
32864,235323,2566
32870,246674,2567
32873,181747,2568
32891,86427,2569
32919,381324,2570
32926,368025,2571
32938,360873,2572
32947,362741,2573
32957,367877,2574
32966,375361,2575
32972,367967,2576
32983,413549,2577
32994,416207,2578
32996,146797,2579
33007,373849,2580
33016,422508,2581
33018,5611,2582
33026,374906,2583
33036,419154,2584
33039,381000,2585
33048,423085,2586
33049,229537,2587
33056,362021,2588
33065,418972,2589
33072,306064,2590
33073,193204,2591
33079,171665,2592
33086,240908,2593
33091,90345,2594
33099,94314,2595
33110,143204,2596
33139,301995,2597
33140,111421,2598
33153,316718,2599
33154,182325,2600
33164,204302,2601
33168,126478,2602
33884,284546,2603
33973,322083,2604
33991,187305,2605
34007,28013,2606
34023,162337,2607
34036,13639,2608
34050,87107,2609
34066,184470,2610
34072,180994,2611
34076,105397,2612
34084,286072,2613
34090,41816,2614
34105,289341,2615
34106,36691,2616
34117,314314,2617
34124,399467,2618
34130,176040,2619
34136,55122,2620
34153,281167,2621
34157,277941,2622
34170,361771,2623
34178,332757,2624
34187,346279,2625
34195,235121,2626
34202,124851,2627
34206,188276,2628
34215,268505,2629
34218,141425,2630
34586,187183,2631
34878,423273,2632
34887,279858,2633
34894,369160,2634
34904,64723,2635
34908,83693,2636
34914,58369,2637
34925,186852,2638
34936,75207,2639
34949,197775,2640
34959,89155,2641
34974,254746,2642
34979,165128,2643
34985,202502,2644
34992,380211,2645
34997,98293,2646
35005,216759,2647
35021,49562,2648
35025,305260,2649
35031,4125,2650
35053,44234,2651
35068,168045,2652
35086,353627,2653
35093,424256,2654
35094,7251,2655
35113,257143,2656
35116,90311,2657
35127,324406,2658
35132,323530,2659
35136,143155,2660
35142,154298,2661
35147,95782,2662
35158,388403,2663
35162,154734,2664
35172,242213,2665
35203,302712,2666
35215,296274,2667
35224,32255,2668
35245,242422,2669
35247,120620,2670
35258,274768,2671
35264,24805,2672
35276,34609,2673
35285,8668,2674
35292,63872,2675
35298,314015,2676
35303,267617,2677
35309,40377,2678
35314,1942,2679
35317,47267,2680
35323,27492,2681
35332,331206,2682
35344,305734,2683
35348,59527,2684
35359,296150,2685
35367,252615,2686
35377,264861,2687
35383,342072,2688
35385,286560,2689
35393,243672,2690
35396,58220,2691
35414,86674,2692
35419,206242,2693
35431,394639,2694
35434,171387,2695
35443,337047,2696
35450,170338,2697
35457,190618,2698
35461,345049,2699
35473,341877,2700
35481,351343,2701
36130,316853,2702
36415,345053,2703
36423,279312,2704
36431,209808,2705
36441,340101,2706
36444,22884,2707
36454,412821,2708
36476,332437,2709
36509,345311,2710
36523,308175,2711
36535,352700,2712
36537,159309,2713
36548,199349,2714
36560,213917,2715
36566,383048,2716
36573,310569,2717
36579,18522,2718
36593,345213,2719
36596,210550,2720
36602,181586,2721
36609,360618,2722
36615,335663,2723
36624,303367,2724
36626,242140,2725
36635,221487,2726
36639,367496,2727
36647,384899,2728
36853,212399,2729
37303,119451,2730
37322,183070,2731
37348,400461,2732
37358,368723,2733
37367,380409,2734
37379,394081,2735
37392,362971,2736
37399,363842,2737
37408,371588,2738
37412,375903,2739
37423,330700,2740
37432,378557,2741
37440,372037,2742
37447,376843,2743
37451,138870,2744
37463,369233,2745
37468,361679,2746
37471,369299,2747
37477,243329,2748
37485,370811,2749
37491,293936,2750
37495,151555,2751
37507,361162,2752
37519,181721,2753
37533,199725,2754
37549,385013,2755
37553,66219,2756
37568,183663,2757
37573,19548,2758
37582,30268,2759
37591,225085,2760
37600,380260,2761
37607,184774,2762
37612,198372,2763
37618,296618,2764
37622,196357,2765
37627,187173,2766
37718,98411,2767
38004,9800,2768
38016,239659,2769
38025,252572,2770
38033,425740,2771
38037,124840,2772
38059,272125,2773
38075,197186,2774
38089,307153,2775
38098,327838,2776
38106,126617,2777
38117,217856,2778
38127,123816,2779
38134,63770,2780
38143,210931,2781
38154,273452,2782
38159,249638,2783
38161,51525,2784
38170,97617,2785
38176,184259,2786
38184,106288,2787
38533,132908,2788
39171,273202,2789
39190,162171,2790
39200,29663,2791
39224,287494,2792
39234,198727,2793
39247,182681,2794
39254,182910,2795
39264,326476,2796
39270,201455,2797
39278,209865,2798
39280,47383,2799
39292,210595,2800
39301,77593,2801
39316,121136,2802
39330,305027,2803
39341,76866,2804
39348,234127,2805
39363,81935,2806
39374,52643,2807
39381,388152,2808
39384,374221,2809
39391,78190,2810
39400,287560,2811
39405,93997,2812
39420,424108,2813
39426,42228,2814
39433,66270,2815
39440,42261,2816
39452,169613,2817
39487,150713,2818
39501,131293,2819
39526,299630,2820
39538,252044,2821
39549,165446,2822
39558,348697,2823
39576,378745,2824
39580,259216,2825
39586,114132,2826
39595,155609,2827
39631,363051,2828
39638,323111,2829
39653,269059,2830
39661,107320,2831
39672,33205,2832
39683,29556,2833
39695,197968,2834
39704,148933,2835
39716,237211,2836
39725,302859,2837
39740,366437,2838
39748,367549,2839
39756,295579,2840
39762,318546,2841
39773,348030,2842
39780,332433,2843
39791,349861,2844
39792,95783,2845
39805,290982,2846
39808,289446,2847
39817,333244,2848
39824,230976,2849
39831,287209,2850
39837,98593,2851
39843,348729,2852
39850,346965,2853
39858,306060,2854
39863,288288,2855
39868,301200,2856
39873,205312,2857
39880,246180,2858
39885,144967,2859
39893,207125,2860
39897,88534,2861
39908,364361,2862
39913,367020,2863
39920,229552,2864
39940,263951,2865
39954,151325,2866
39973,335472,2867
39979,41378,2868
39991,36619,2869
40007,342914,2870
40011,62214,2871
40019,184137,2872
40029,286253,2873
40039,402733,2874
40045,343457,2875
40052,397115,2876
40054,191894,2877
40062,365806,2878
40068,335159,2879
40076,346174,2880
40082,293088,2881
40087,258620,2882
40100,343299,2883
40146,425730,2884
40155,371198,2885
40159,62317,2886
40172,416558,2887
40181,413285,2888
40187,412727,2889
40195,420653,2890
40198,287644,2891
40205,297051,2892
40216,80003,2893
40223,237766,2894
40225,206784,2895
40232,62759,2896
40238,165584,2897
40248,115318,2898
40255,94793,2899
40471,192317,2900
40877,152587,2901
40887,27736,2902
40903,113526,2903
40919,302002,2904
40929,84934,2905
40937,383375,2906
40946,385089,2907
40947,9823,2908
40964,257225,2909
40978,262600,2910
40998,353143,2911
41003,135637,2912
41009,195346,2913
41024,135885,2914
41031,290918,2915
41033,85343,2916
41041,88241,2917
41047,54823,2918
41057,413149,2919
41061,103533,2920
41071,97812,2921
41074,305618,2922
41107,359172,2923
41113,135352,2924
41142,234738,2925
41162,274545,2926
41172,235410,2927
41182,190350,2928
41199,326701,2929
41206,351113,2930
41215,350170,2931
41217,50554,2932
41230,391953,2933
41233,284045,2934
41238,173048,2935
41249,298061,2936
41258,400137,2937
41260,102358,2938
41272,312410,2939
41276,213247,2940
41280,127115,2941
41290,313532,2942
41295,253939,2943
41298,56423,2944
41306,262805,2945
41317,242817,2946
41332,314451,2947
41342,383620,2948
41347,195919,2949
41353,209063,2950
41356,60676,2951
41374,217794,2952
41379,289709,2953
41387,276459,2954
41397,226804,2955
41401,209879,2956
41409,317976,2957
41415,271027,2958
41421,287754,2959
41424,197152,2960
41433,76415,2961
41438,326720,2962
41441,379374,2963
41456,408861,2964
41470,419007,2965
41471,99239,2966
41484,419013,2967
41488,264687,2968
41496,285098,2969
41505,400085,2970
41509,278358,2971
41515,241968,2972
41523,402697,2973
41531,420682,2974
41538,425608,2975
41539,138871,2976
41550,348764,2977
41557,132821,2978
41567,320883,2979
41573,127805,2980
41581,162431,2981
41588,64947,2982
41596,147193,2983
41599,50339,2984
41623,200320,2985
41634,212040,2986
41652,259370,2987
41664,340460,2988
41667,34921,2989
41678,31263,2990
41690,291617,2991
41701,365098,2992
41712,284855,2993
41722,353344,2994
41728,370736,2995
41734,249572,2996
41741,72094,2997
41753,259570,2998
41760,397146,2999
41764,362612,3000
41773,367999,3001
41778,380624,3002
41783,287766,3003
41791,314275,3004
41792,140193,3005
41800,366379,3006
41807,300173,3007
41810,69913,3008
41818,363772,3009
41824,255942,3010
41843,142265,3011
41865,87289,3012
41895,291403,3013
41901,58266,3014
41924,327192,3015
41934,188213,3016
41944,128430,3017
41960,257255,3018
41972,202018,3019
41979,190093,3020
41988,138630,3021
41997,146947,3022
42005,82743,3023
42020,107046,3024
42023,119996,3025
42033,195257,3026
42040,189761,3027
42051,166728,3028
42059,339840,3029
42062,109680,3030
42070,106313,3031
42080,229573,3032
42088,215808,3033
42092,252041,3034
42102,170791,3035
42108,286037,3036
42116,390321,3037
42119,239932,3038
42125,135826,3039
42131,361177,3040
42138,145484,3041
42143,200699,3042
42148,145254,3043
42158,101052,3044
42160,53094,3045
42173,310778,3046
42198,320266,3047
42206,272171,3048
42223,248005,3049
42234,354989,3050
42240,299239,3051
42249,329127,3052
42251,404347,3053
42275,295392,3054
42291,264914,3055
42305,409065,3056
42314,276438,3057
42322,295432,3058
42331,310234,3059
42336,233147,3060
42350,329863,3061
42360,115629,3062
42375,328854,3063
42386,383482,3064
42392,376590,3065
42398,329947,3066
42404,331859,3067
42408,327425,3068
42416,324408,3069
42435,302018,3070
42456,284094,3071
42472,273382,3072
42490,350583,3073
42502,366959,3074
42513,299306,3075
42515,59419,3076
42523,283482,3077
42530,305566,3078
42536,222628,3079
42540,6925,3080
42548,321543,3081
42559,190610,3082
42568,217181,3083
42576,276468,3084
42583,59078,3085
42595,423750,3086
42597,3322,3087
42608,405616,3088
42616,75774,3089
42624,300694,3090
42629,129194,3091
42639,286536,3092
42643,262447,3093
43573,250690,3094
43727,115302,3095
43731,137766,3096
43763,418208,3097
43783,361995,3098
43799,300996,3099
43813,407327,3100
43830,383089,3101
43839,345062,3102
43853,331540,3103
43861,275594,3104
43869,355650,3105
43876,215876,3106
43881,267686,3107
43887,204569,3108
43894,166374,3109
43907,246434,3110
43911,253860,3111
43920,296491,3112
43927,278842,3113
43934,422632,3114
43941,299157,3115
43944,264926,3116
43953,253548,3117
43959,211010,3118
43968,121770,3119
43983,255552,3120
43992,207020,3121
44002,340965,3122
44012,393915,3123
44019,276730,3124
44024,289163,3125
44029,180002,3126
44035,257518,3127
44038,54340,3128
44045,148596,3129
44059,350332,3130
44066,148894,3131
44072,100268,3132
44081,203786,3133
44087,76574,3134
44092,85373,3135
44099,73076,3136
44110,207035,3137
44118,271773,3138
44129,326609,3139
44135,153810,3140
44146,301359,3141
44154,338227,3142
44159,188355,3143
44167,306858,3144
44169,112569,3145
44176,148436,3146
44183,205880,3147
44195,156666,3148
44211,194213,3149
44228,236101,3150
44239,320161,3151
44245,324655,3152
44249,116573,3153
44259,203956,3154
44266,115157,3155
44280,235059,3156
44288,334530,3157
44291,58094,3158
44301,179857,3159
44305,72667,3160
44315,164267,3161
44320,224192,3162
44326,195331,3163
44331,29124,3164
44339,199530,3165
44347,361563,3166
44355,98822,3167
44362,261624,3168
44390,421073,3169
44396,275916,3170
44417,212279,3171
44421,130760,3172
44432,318415,3173
44446,409606,3174
44450,45485,3175
44459,80819,3176
44468,412638,3177
44471,184148,3178
44477,33935,3179
44523,291706,3180
44582,419246,3181
44594,340534,3182
44602,296146,3183
44613,242918,3184
44627,314367,3185
44639,353851,3186
44644,234766,3187
44652,300254,3188
44657,90345,3189
44668,177906,3190
44674,107145,3191
44682,285973,3192
44691,222343,3193
44696,340067,3194
44704,401340,3195
44706,332613,3196
44715,229319,3197
44717,23492,3198
44728,264445,3199
44730,140912,3200
44735,84232,3201
45073,153669,3202
45990,175551,3203
45998,249734,3204
46007,191593,3205
46016,261716,3206
46019,69574,3207
46029,133864,3208
46036,180676,3209
46042,137280,3210
46056,144020,3211
46071,224933,3212
46084,308788,3213
46088,136740,3214
46099,167549,3215
46109,208130,3216
46116,205620,3217
46121,47374,3218
46133,352632,3219
46139,179510,3220
46143,173555,3221
46151,208859,3222
46154,35295,3223
46161,231359,3224
46168,181401,3225
46177,209663,3226
46206,388022,3227
46209,182792,3228
46215,171144,3229
46225,389978,3230
46230,257881,3231
46241,384134,3232
46256,399143,3233
46262,331914,3234
46269,330464,3235
46276,354617,3236
46282,410259,3237
46290,406629,3238
46291,27057,3239
46640,164459,3240
46989,171297,3241
47003,138542,3242
47018,157071,3243
47038,356794,3244
47048,270423,3245
47055,265904,3246
47068,125687,3247
47072,37289,3248
47083,268579,3249
47090,264081,3250
47101,129714,3251
47109,239809,3252
47114,115205,3253
47121,163049,3254
47126,289953,3255
47134,167427,3256
47139,239101,3257
47145,113373,3258
47151,91402,3259
47156,123037,3260
47164,256144,3261
47169,122111,3262
47185,295178,3263
47196,173192,3264
47203,378844,3265
47211,267250,3266
47217,288647,3267
47223,181981,3268
47232,285246,3269
47233,65862,3270
47241,184859,3271
47247,13292,3272
47501,378387,3273
47528,89522,3274
47556,262217,3275
47571,161954,3276
47604,411673,3277
47606,68233,3278
47637,225340,3279
47656,292170,3280
47671,370882,3281
47676,294084,3282
47695,394910,3283
47709,370412,3284
47716,136204,3285
47732,283420,3286
47738,115498,3287
47751,259451,3288
47766,325281,3289
47772,298459,3290
47786,366660,3291
47792,233719,3292
47803,337832,3293
47810,418516,3294
47817,140636,3295
47831,208291,3296
47839,413746,3297
47847,333278,3298
47850,107836,3299
47863,329758,3300
47867,116409,3301
47876,86848,3302
47882,29274,3303
47896,267350,3304
47904,391769,3305
47909,263439,3306
47913,408859,3307
47921,168707,3308
47932,409105,3309
47936,371905,3310
47941,173697,3311
47953,408568,3312
47955,298584,3313
47965,380576,3314
47972,412411,3315
47975,397639,3316
47981,134610,3317
47985,90585,3318
47992,333392,3319
47997,37674,3320
48006,415483,3321
48014,279716,3322
48022,273746,3323
48040,354839,3324
48055,211066,3325
48065,114009,3326
48071,194437,3327
48080,276166,3328
48085,243314,3329
48092,193734,3330
48101,165641,3331
48109,277886,3332
48112,160018,3333
48117,119447,3334
48125,155035,3335
48135,37875,3336
48142,390397,3337
48145,13010,3338
48170,218847,3339
48182,47339,3340
48197,68233,3341
48199,248455,3342
48212,292964,3343
48218,271128,3344
48222,114981,3345
48227,17996,3346
48236,155195,3347
48245,116157,3348
48250,75615,3349
48258,210142,3350
48268,309826,3351
48280,48774,3352
48290,97891,3353
48297,118109,3354
48306,165277,3355
48313,247625,3356
48332,182209,3357
48350,156065,3358
48373,150358,3359
48396,342983,3360
48400,189046,3361
48420,378506,3362
48424,47161,3363
48436,169592,3364
48454,325247,3365
48463,230978,3366
48467,45437,3367
48479,149471,3368
48489,211238,3369
48497,184245,3370
48502,318589,3371
48507,168758,3372
48517,186873,3373
48522,308043,3374
48526,139495,3375
48533,230315,3376
48537,93204,3377
48544,157714,3378
48550,206163,3379
48557,293708,3380
48574,243402,3381
48599,423255,3382
48609,396023,3383
48625,425895,3384
48631,383146,3385
48638,380201,3386
48654,412781,3387
48655,95201,3388
48671,397515,3389
48677,416588,3390
48686,395071,3391
48693,425698,3392
48695,174417,3393
48707,346750,3394
48709,208893,3395
48718,330180,3396
48726,179202,3397
48737,170111,3398
48743,178111,3399
48749,351364,3400
48757,204872,3401
48773,335322,3402
48780,138315,3403
48783,133040,3404
48792,175046,3405
48796,191024,3406
49054,14075,3407
49720,59157,3408
49746,200691,3409
49757,352439,3410
49787,384961,3411
49812,386309,3412
49832,375040,3413
49851,384136,3414
49873,386963,3415
49890,399384,3416
49901,365496,3417
49916,390691,3418
49920,27980,3419
49933,272956,3420
49947,277927,3421
49953,373769,3422
49966,379361,3423
49978,397250,3424
49984,361355,3425
49996,399371,3426
50001,280325,3427
50007,385606,3428
50014,219365,3429
50023,217262,3430
50030,154859,3431
50041,396146,3432
50047,132170,3433
50055,307555,3434
50067,379939,3435
50068,141209,3436
50076,371864,3437
50088,397475,3438
50093,392355,3439
50101,372295,3440
50103,251014,3441
50110,366449,3442
50120,367494,3443
50121,120408,3444
50128,333285,3445
50138,384730,3446
50139,65725,3447
50150,367164,3448
50151,16702,3449
50173,320283,3450
50182,301633,3451
50197,108063,3452
50215,182454,3453
50230,306860,3454
50248,350557,3455
50261,341282,3456
50273,359019,3457
50274,182782,3458
50287,130138,3459
50300,333792,3460
50313,313812,3461
50320,207420,3462
50323,36876,3463
50334,319692,3464
50340,32547,3465
50353,325543,3466
50356,359379,3467
50366,143539,3468
50370,160240,3469
50377,139551,3470
50401,361388,3471
50417,302988,3472
50423,208681,3473
50440,253276,3474
50450,392108,3475
50458,260712,3476
50465,304853,3477
50472,127828,3478
50483,273432,3479
50486,42561,3480
50497,287823,3481
50505,285684,3482
50509,224399,3483
50512,80357,3484
50522,136708,3485
50524,30730,3486
50533,178318,3487
50562,382456,3488
50587,170743,3489
50619,409401,3490
50627,306328,3491
50640,316134,3492
50646,388995,3493
50655,265085,3494
50665,306388,3495
50680,418178,3496
50683,412636,3497
50696,316291,3498
50698,372670,3499
50710,403982,3500
50717,425824,3501
50719,329914,3502
50726,287237,3503
50731,81485,3504
50743,118612,3505
50749,81694,3506
50763,214592,3507
50785,176098,3508
50793,52596,3509
50810,70192,3510
50819,24279,3511
50821,1753,3512
50830,20047,3513
50837,98754,3514
50845,76657,3515
50849,52657,3516
50857,72633,3517
50861,139097,3518
50873,15628,3519
50883,163570,3520
50892,49679,3521
50898,58286,3522
50908,99828,3523
50916,108716,3524
50922,79687,3525
50926,271557,3526
50931,42352,3527
50944,75226,3528
50954,71984,3529
50966,82511,3530
50970,82334,3531
50975,287821,3532
50985,58112,3533
50998,62755,3534
51004,80648,3535
51015,63235,3536
51020,36013,3537
51026,17888,3538
51325,129382,3539
51991,139506,3540
52008,65312,3541
52036,269636,3542
52041,183570,3543
52057,328935,3544
52067,138116,3545
52074,418215,3546
52080,405056,3547
52084,96606,3548
52094,285271,3549
52099,260174,3550
52106,257480,3551
52107,162887,3552
52113,115218,3553
52120,172149,3554
52130,250851,3555
52134,6207,3556
52143,335256,3557
52152,262167,3558
52166,405374,3559
52172,365435,3560
52177,406046,3561
52182,237379,3562
52192,270096,3563
52202,280968,3564
52210,120313,3565
52219,198345,3566
52225,257170,3567
52229,96830,3568
52239,276956,3569
52245,273868,3570
52256,242814,3571
52263,112421,3572
52271,123878,3573
52279,212645,3574
52284,304219,3575
52290,193271,3576
52301,92657,3577
52318,54654,3578
52333,15806,3579
52341,99701,3580
52343,35920,3581
52350,34114,3582
52359,63265,3583
52364,15768,3584
52367,74726,3585
52382,111099,3586
52393,350563,3587
52397,261262,3588
52406,122125,3589
52414,383588,3590
52416,186054,3591
52421,113526,3592
52427,43960,3593
52448,311430,3594
52467,407083,3595
52471,340168,3596
52485,311798,3597
52489,222363,3598
52501,209913,3599
52510,356040,3600
52514,300210,3601
52525,381248,3602
52529,378767,3603
52532,205558,3604
52542,419830,3605
52545,202655,3606
52556,141003,3607
52569,358181,3608
52574,175600,3609
52581,187721,3610
52587,295771,3611
52594,152445,3612
52598,159603,3613
52609,247410,3614
52627,369697,3615
52632,81854,3616
52653,296470,3617
52658,332073,3618
52666,112905,3619
52674,72029,3620
52686,321618,3621
52691,147736,3622
52698,272955,3623
52702,234024,3624
52712,404592,3625
52720,39870,3626
52731,96946,3627
52745,392251,3628
52747,98677,3629
52753,91176,3630
52762,21415,3631
52766,11622,3632
52779,251818,3633
52789,156346,3634
52804,419520,3635
52807,5868,3636
52819,390688,3637
52825,218239,3638
52833,195266,3639
52836,282209,3640
52841,52631,3641
52857,287933,3642
52868,112417,3643
52872,323419,3644
52881,230144,3645
52884,320176,3646
52909,262230,3647
52926,303335,3648
52941,174591,3649
52949,26666,3650
52954,12182,3651
52970,241153,3652
52975,130950,3653
52989,225778,3654
52993,88830,3655
53003,331358,3656
53008,180123,3657
53013,147830,3658
53020,111016,3659
53028,73489,3660
53038,228590,3661
53043,45398,3662
53050,46433,3663
53059,392197,3664
53066,285741,3665
53068,71863,3666
53077,290359,3667
53083,53391,3668
53086,45357,3669
53092,30528,3670
53102,235976,3671
53112,220230,3672
53119,161270,3673
53157,422289,3674
53167,319622,3675
53175,211543,3676
53185,212254,3677
53199,347970,3678
53209,408157,3679
53216,378989,3680
53224,422314,3681
53225,112944,3682
53236,204626,3683
53242,233702,3684
53251,97314,3685
53261,70525,3686
53263,95551,3687
53270,65460,3688
53277,118436,3689
53285,86651,3690
53292,109141,3691
53295,206804,3692
53304,41287,3693
53314,182078,3694
53328,122178,3695
53339,135805,3696
53350,145188,3697
53363,217498,3698
53365,11393,3699
53378,226574,3700
53387,363190,3701
53393,281303,3702
53399,296400,3703
53406,367549,3704
53411,136309,3705
53421,380933,3706
53428,75955,3707
53436,28203,3708
53444,29011,3709
53459,401295,3710
53463,84356,3711
53470,391322,3712
53473,34674,3713
53480,139097,3714
53485,28712,3715
53493,109428,3716
53499,66596,3717
53507,121043,3718
53527,406806,3719
53531,140814,3720
53540,129164,3721
53573,182030,3722
53591,146555,3723
53603,374069,3724
53620,164521,3725
53622,176689,3726
53632,118529,3727
53636,23813,3728
53647,302987,3729
53654,296986,3730
53656,110162,3731
53676,153959,3732
53693,285427,3733
53694,122947,3734
53706,279751,3735
53718,384049,3736
53719,80741,3737
53729,302002,3738
53734,287487,3739
53738,134670,3740
53748,234758,3741
53754,173407,3742
53766,205763,3743
53783,207264,3744
53805,284250,3745
53810,79525,3746
53827,259923,3747
53842,140113,3748
53854,228303,3749
53861,88998,3750
53870,267699,3751
53875,165084,3752
53887,246815,3753
53891,80972,3754
53900,183571,3755
53903,55107,3756
53911,258422,3757
53921,325915,3758
53937,207945,3759
53944,14747,3760
53954,256688,3761
53964,276244,3762
53975,288104,3763
53980,301082,3764
53987,199733,3765
53995,337970,3766
54002,330586,3767
54006,258111,3768
54016,295006,3769
54025,59321,3770
54028,39639,3771
54043,236298,3772
54050,153274,3773
54055,236857,3774
54057,60159,3775
54068,389617,3776
54072,28068,3777
54089,72125,3778
54102,54662,3779
54133,69623,3780
54145,94988,3781
54163,160599,3782
54165,32945,3783
54182,88133,3784
54189,80716,3785
54201,79192,3786
54207,65871,3787
54217,166562,3788
54225,168698,3789
54228,105236,3790
54234,72669,3791
54239,66107,3792
54244,41017,3793
54255,70296,3794
54257,26683,3795
54263,66130,3796
54285,78428,3797
54301,76731,3798
54307,13579,3799
54326,142056,3800
54330,88731,3801
54343,86425,3802
54347,109999,3803
54357,64794,3804
54367,82898,3805
54372,207513,3806
54382,230333,3807
54387,102877,3808
54394,84267,3809
54401,328782,3810
54407,148964,3811
54413,108010,3812
54416,87320,3813
54424,82932,3814
54433,143597,3815
54434,44322,3816
54450,335768,3817
54454,60673,3818
54465,195389,3819
54477,241757,3820
54478,113337,3821
54491,224630,3822
54495,119721,3823
54498,111955,3824
54504,106085,3825
54513,195927,3826
54517,89876,3827
54524,249365,3828
54531,267249,3829
54535,173434,3830
54545,286947,3831
54551,112506,3832
54561,199509,3833
54568,290403,3834
54575,381423,3835
54579,209346,3836
54588,220130,3837
54594,53940,3838
54611,296751,3839
54624,134314,3840
54638,234047,3841
54642,95069,3842
54649,198647,3843
54656,60829,3844
54661,51530,3845
54666,8058,3846
54692,412983,3847
54704,238505,3848
54736,269058,3849
54756,391503,3850
54768,405679,3851
54769,241678,3852
54785,408284,3853
54793,277465,3854
54800,116054,3855
54814,337862,3856
54823,374745,3857
54826,303625,3858
54835,345409,3859
54840,127616,3860
54851,324300,3861
54857,391967,3862
54863,365340,3863
54866,329780,3864
54872,307239,3865
54883,377525,3866
54887,285038,3867
54893,407369,3868
54897,152000,3869
54905,316374,3870
54910,255715,3871
54928,235702,3872
54935,18563,3873
54951,40449,3874
54973,177817,3875
54986,232986,3876
54990,38967,3877
55005,32474,3878
55015,41309,3879
55028,30257,3880
55037,244157,3881
55046,33595,3882
55051,32440,3883
55060,173357,3884
55070,41078,3885
55077,179676,3886
55083,33725,3887
56820,373492,3888
56954,185315,3889
56972,181866,3890
56992,409528,3891
57010,217509,3892
57023,232876,3893
57031,270304,3894
57044,155195,3895
57063,379469,3896
57069,178898,3897
57076,120406,3898
57087,288246,3899
57105,312479,3900
57114,270132,3901
57125,359371,3902
57131,324907,3903
57143,384216,3904
57150,168677,3905
57158,364689,3906
57163,239317,3907
57173,184841,3908
57179,216472,3909
57183,51996,3910
57192,161683,3911
57202,311076,3912
57206,344174,3913
57210,256494,3914
57218,372037,3915
57222,197251,3916
57229,89780,3917
57255,136390,3918
57270,272760,3919
57273,73082,3920
57284,128216,3921
57288,37683,3922
57295,25239,3923
57307,134307,3924
57311,360446,3925
57315,256405,3926
57323,116938,3927
57326,52678,3928
57332,48736,3929
57339,156354,3930
57349,48890,3931
57357,416287,3932
57364,67354,3933
57373,52088,3934
57379,317025,3935
57386,143504,3936
57397,185755,3937
57403,247652,3938
57412,57454,3939
57413,117669,3940
57422,206869,3941
57429,15725,3942
57434,919,3943
57445,264460,3944
57468,205781,3945
57475,112311,3946
57490,110186,3947
57508,175678,3948
57523,217644,3949
57533,164067,3950
57548,223807,3951
57553,36492,3952
57575,221467,3953
57579,97290,3954
57590,47712,3955
57599,43663,3956
57610,120322,3957
57625,221759,3958
57631,161244,3959
57642,112224,3960
57651,175657,3961
57662,218522,3962
57664,42119,3963
57678,179907,3964
57684,108269,3965
57691,106681,3966
57696,209805,3967
57703,172961,3968
57708,263718,3969
57712,117463,3970
57723,110058,3971
57726,165663,3972
57735,173403,3973
57736,48901,3974
57745,179866,3975
57749,156850,3976
57757,165418,3977
57760,3990,3978
57779,394992,3979
57785,342760,3980
57786,22043,3981
57797,23546,3982
57802,196298,3983
58934,320726,3984
59596,271607,3985
59611,268456,3986
59654,402466,3987
59668,362889,3988
59684,326381,3989
59698,274454,3990
59726,319435,3991
59737,262900,3992
59763,388918,3993
59774,343282,3994
59784,360073,3995
59796,206281,3996
59809,255869,3997
59822,241658,3998
59831,115419,3999
59849,359649,4000
59863,351391,4001
59866,148832,4002
59881,168677,4003
59896,341658,4004
59904,368487,4005
59910,273005,4006
59923,257088,4007
59936,328064,4008
59938,259814,4009
59947,5303,4010
59959,274485,4011
59965,265326,4012
59978,320859,4013
59982,353700,4014
59992,263956,4015
60003,264589,4016
60011,354729,4017
60012,176204,4018
60019,152663,4019
60032,365649,4020
60033,85083,4021
60041,129380,4022
60047,32973,4023
60054,261734,4024
60063,262897,4025
60068,276937,4026
60073,257176,4027
60083,362112,4028
60085,251417,4029
60094,386074,4030
60100,333204,4031
60106,282305,4032
60109,126058,4033
60115,194100,4034
60994,422138,4035
61028,315924,4036
61052,178327,4037
61093,406388,4038
61104,204018,4039
61138,341990,4040
61161,416928,4041
61175,415558,4042
61192,408887,4043
61210,420101,4044
61229,419436,4045
61245,424198,4046
61260,408265,4047
61275,391407,4048
61280,328612,4049
61301,391099,4050
61308,204004,4051
61323,383573,4052
61328,276933,4053
61348,385951,4054
61360,407066,4055
61365,173058,4056
61387,363727,4057
61395,408284,4058
61401,328525,4059
61420,416418,4060
61424,193820,4061
61433,194363,4062
61445,368874,4063
61454,366912,4064
61461,410696,4065
61467,313001,4066
61481,407115,4067
61488,423959,4068
61496,396255,4069
61500,385198,4070
61508,258808,4071
61516,343668,4072
61521,148930,4073
61527,397785,4074
61534,333306,4075
61544,261777,4076
61547,216062,4077
61556,266624,4078
61560,390668,4079
61567,350771,4080
61571,204084,4081
61581,387128,4082
61583,142172,4083
61593,409417,4084
61595,115803,4085
61606,414064,4086
61608,129370,4087
61614,270836,4088
61619,86968,4089
61627,169436,4090
61631,71341,4091
61638,66424,4092
61648,419715,4093
61651,156204,4094
61660,167724,4095
61665,72166,4096
61686,18215,4097
61692,22925,4098
61698,11203,4099
61706,39683,4100
61709,5074,4101
61721,286184,4102
61754,319101,4103
61766,285802,4104
61778,41257,4105
61806,240439,4106
61838,189863,4107
61851,120680,4108
61880,179140,4109
61903,205356,4110
61928,409404,4111
61934,56609,4112
61957,350605,4113
61972,417632,4114
61983,328565,4115
61991,216761,4116
62001,59409,4117
62014,271627,4118
62027,97617,4119
62039,65896,4120
62053,229223,4121
62063,290918,4122
62069,60906,4123
62078,26569,4124
62093,266160,4125
62099,62623,4126
62108,60342,4127
62116,68821,4128
62120,185901,4129
62126,139743,4130
62135,294178,4131
62145,388657,4132
62150,65835,4133
62159,192032,4134
62167,425846,4135
62168,31647,4136
62180,260926,4137
62183,300909,4138
62190,221211,4139
62196,87429,4140
62203,52828,4141
62898,201116,4142
63471,164461,4143
63498,165272,4144
63531,305150,4145
63548,208066,4146
63572,399017,4147
63577,120728,4148
63595,166889,4149
63614,233607,4150
63624,272868,4151
63635,157242,4152
63653,206056,4153
63661,99385,4154
63681,288068,4155
63689,233954,4156
63703,127981,4157
63714,330114,4158
63717,198143,4159
63731,312524,4160
63737,234359,4161
63746,265821,4162
63755,257835,4163
63764,91822,4164
63776,337810,4165
63779,183597,4166
63789,149298,4167
63796,237353,4168
63808,385725,4169
63810,194806,4170
63823,371277,4171
63827,132529,4172
63834,273557,4173
63838,136628,4174
63846,122807,4175
63854,211376,4176
63858,285990,4177
63866,175903,4178
63868,316525,4179
63875,125284,4180
63898,106802,4181
63918,98645,4182
63947,123138,4183
63953,13914,4184
63984,137183,4185
63994,104074,4186
64012,81873,4187
64025,99323,4188
64039,97014,4189
64053,97500,4190
64076,128037,4191
64082,96687,4192
64099,109694,4193
64116,138182,4194
64132,134248,4195
64135,100322,4196
64148,104799,4197
64166,140891,4198
64175,113681,4199
64182,104386,4200
64196,102679,4201
64207,100051,4202
64218,101973,4203
64225,123677,4204
64229,105711,4205
64241,111692,4206
64246,98867,4207
64255,98638,4208
64264,143029,4209
64265,121225,4210
64271,51954,4211
64281,131541,4212
64287,76091,4213
64294,51303,4214
64301,90405,4215
64311,60505,4216
64313,11058,4217
64871,105715,4218
67095,364307,4219
67102,24974,4220
67113,56828,4221
67129,357162,4222
67130,71657,4223
67143,337271,4224
67148,296216,4225
67150,136934,4226
67157,121482,4227
67171,215384,4228
67191,207124,4229
67208,182443,4230
67231,378683,4231
67235,102846,4232
67260,389711,4233
67277,404004,4234
67286,187351,4235
67293,213211,4236
67306,286853,4237
67320,182967,4238
67333,336895,4239
67341,381482,4240
67347,91588,4241
67356,210339,4242
67365,142017,4243
67375,144967,4244
67391,253088,4245
67395,166073,4246
67406,285807,4247
67416,349815,4248
67423,311490,4249
67430,332232,4250
67438,282912,4251
67445,401720,4252
67450,347753,4253
67455,365850,4254
67460,94660,4255
67473,276822,4256
67476,212064,4257
67482,360662,4258
67491,418870,4259
67497,348505,4260
67504,394785,4261
67510,316888,4262
67513,153159,4263
67522,258587,4264
67527,361043,4265
67533,296133,4266
67539,235962,4267
67548,157558,4268
67563,182288,4269
67570,6184,4270
67578,299974,4271
67583,295665,4272
67590,298405,4273
67592,102814,4274
67598,134357,4275
67621,149105,4276
67631,383119,4277
67633,372002,4278
67641,90952,4279
67649,79566,4280
67659,245031,4281
67666,296846,4282
67676,57094,4283
67677,190561,4284
67688,302517,4285
67693,304019,4286
67696,31158,4287
67703,31831,4288
67709,41691,4289
67718,79772,4290
67729,196791,4291
67734,51176,4292
67755,179396,4293
67774,205929,4294
67790,206694,4295
67801,209298,4296
67828,150057,4297
67847,283418,4298
67856,259915,4299
67868,207013,4300
67883,186563,4301
67888,153739,4302
67898,186584,4303
67911,164585,4304
67919,150713,4305
67926,192800,4306
67937,223483,4307
67949,206548,4308
67958,190694,4309
67967,172418,4310
67974,216795,4311
67984,255751,4312
67993,283196,4313
67997,195791,4314
68001,154136,4315
68014,221107,4316
68019,206670,4317
68022,127617,4318
68032,204359,4319
68036,46610,4320
68047,185828,4321
68056,221535,4322
68062,212424,4323
68068,211397,4324
68072,110728,4325
68081,164776,4326
68086,239884,4327
68095,153626,4328
68098,125889,4329
68105,168785,4330
68113,235855,4331
68115,39242,4332
68124,213410,4333
68131,198456,4334
69408,220462,4335
71306,422176,4336
71313,203253,4337
71326,261690,4338
71344,330157,4339
71347,203608,4340
71356,140169,4341
71374,326155,4342
71383,318993,4343
71386,169551,4344
71398,137329,4345
71404,97241,4346
71414,193728,4347
71421,202272,4348
71431,215197,4349
71436,128593,4350
71446,192830,4351
71453,272978,4352
71457,373030,4353
71462,248020,4354
71471,365407,4355
73212,376079,4356
73290,111945,4357
73351,166108,4358
73364,234878,4359
73380,166171,4360
73396,301275,4361
73401,234030,4362
73412,250179,4363
73423,245057,4364
73433,173950,4365
73436,19637,4366
73447,319785,4367
73458,241943,4368
73461,2820,4369
73472,293644,4370
73482,345808,4371
73487,205373,4372
73491,356095,4373
73500,332603,4374
73502,190898,4375
73510,376241,4376
73515,150698,4377
73520,75770,4378
73526,67207,4379
73533,132185,4380
73539,138435,4381
73544,10489,4382
73583,346550,4383
73589,66405,4384
73608,98971,4385
73626,366134,4386
73636,247657,4387
73645,163655,4388
73657,412156,4389
73664,247072,4390
73674,175339,4391
73683,361959,4392
73688,179025,4393
73698,91399,4394
73702,20047,4395
73711,92790,4396
74882,211444,4397
75330,77583,4398
75378,198932,4399
75396,140403,4400
75410,183907,4401
75433,182813,4402
75443,38891,4403
75457,146987,4404
75472,217757,4405
75489,159839,4406
75497,102401,4407
75514,235978,4408
75524,231540,4409
75532,232947,4410
75539,61301,4411
75550,11538,4412
75558,330397,4413
75567,220027,4414
75572,145774,4415
75579,27591,4416
75593,77248,4417
75597,10437,4418
75607,315857,4419
75610,19491,4420
75619,349594,4421
75624,321027,4422
75630,275755,4423
75635,195703,4424
75641,150297,4425
75648,116267,4426
75656,35329,4427
75659,10249,4428
75666,62823,4429
76341,73708,4430
77807,50765,4431
77822,132932,4432
77829,53892,4433
77847,228358,4434
77858,37651,4435
77876,162995,4436
77878,29768,4437
77888,44560,4438
77897,44124,4439
77907,88730,4440
77922,313126,4441
77930,159535,4442
77938,141478,4443
77939,14415,4444
77947,131486,4445
77954,120473,4446
77962,217502,4447
77971,39198,4448
77976,26948,4449
77984,79929,4450
77988,50454,4451
77999,44149,4452
78001,126865,4453
78010,39750,4454
78014,25729,4455
78023,32289,4456
78027,21393,4457
78030,31883,4458
78040,110000,4459
78047,77732,4460
78056,37626,4461
78062,202727,4462
78066,35370,4463
78073,84935,4464
78088,214603,4465
78108,351480,4466
78116,68942,4467
78132,149257,4468
78152,313366,4469
78163,234347,4470
78168,238719,4471
78178,254250,4472
78190,204939,4473
78200,291981,4474
78207,286256,4475
78212,88438,4476
78226,291907,4477
78230,230616,4478
78240,235654,4479
78247,218214,4480
78259,227862,4481
78263,242266,4482
78268,175130,4483
78273,215434,4484
78281,248275,4485
78284,152855,4486
78293,316066,4487
78301,390517,4488
78302,69250,4489
78308,16435,4490
78314,3268,4491
78327,5016,4492
78342,124213,4493
78349,1287,4494
78358,1309,4495
78363,482,4496
78376,80687,4497
78385,8647,4498
78391,8293,4499
78399,85988,4500
78407,18836,4501
78413,8829,4502
78418,89862,4503
78423,64054,4504
78429,65355,4505
78434,29957,4506
78445,27946,4507
78448,14427,4508
78454,13565,4509
78461,192548,4510
78464,3151,4511
78470,7449,4512
78503,212761,4513
78513,129942,4514
78519,142095,4515
78530,128282,4516
78538,124113,4517
78547,227575,4518
78554,300764,4519
78561,230274,4520
78570,147414,4521
78575,106219,4522
78582,142017,4523
78592,117548,4524
78597,285900,4525
78604,316882,4526
79230,91528,4527
81919,424325,4528
81926,403928,4529
81932,402415,4530
81942,371330,4531
81948,171288,4532
81962,150008,4533
81965,394925,4534
81974,388502,4535
81982,344625,4536
81985,86850,4537
81996,219776,4538
81998,87391,4539
82018,225169,4540
82029,273752,4541
82043,278386,4542
82059,379726,4543
82063,87460,4544
82078,383330,4545
82084,218427,4546
82096,205282,4547
82103,77725,4548
82113,272815,4549
82123,273528,4550
82132,205207,4551
82136,67461,4552
82149,232360,4553
82156,398448,4554
82157,111690,4555
82165,46217,4556
82173,185022,4557
82183,399512,4558
82188,273505,4559
82192,246379,4560
82198,136291,4561
82208,207874,4562
82210,103230,4563
82216,100911,4564
82224,113421,4565
82231,251002,4566
82237,206005,4567
82241,8571,4568
82259,246326,4569
82272,146287,4570
82279,241500,4571
82287,301079,4572
82292,35640,4573
82300,242614,4574
82306,90319,4575
82310,226096,4576
82316,53340,4577
82329,297180,4578
82351,267037,4579
82375,301879,4580
82391,360582,4581
82399,203705,4582
82417,285713,4583
82426,387795,4584
82429,262227,4585
82440,294066,4586
82453,320659,4587
82460,326646,4588
82472,367814,4589
82479,327682,4590
82488,332290,4591
82495,68169,4592
82504,149961,4593
82517,378997,4594
82524,399060,4595
82525,106007,4596
82536,249829,4597
82542,284586,4598
82547,32399,4599
82556,404728,4600
82564,308337,4601
82571,358278,4602
82575,281746,4603
82580,377554,4604
82589,421032,4605
82595,382351,4606
82601,310628,4607
82607,296742,4608
82611,415804,4609
82619,355148,4610
82620,73104,4611
82629,412883,4612
82633,85191,4613
82641,34552,4614
82650,17613,4615
82659,30279,4616
82664,39564,4617
82675,416042,4618
82680,276130,4619
82691,408466,4620
82694,183128,4621
82702,166828,4622
82707,36420,4623
82723,274998,4624
82728,255777,4625
82734,13899,4626
82742,150856,4627
82753,93930,4628
82768,165869,4629
82780,255042,4630
82788,130922,4631
82791,177531,4632
82800,195737,4633
82806,286531,4634
82814,189834,4635
82825,307616,4636
82826,79964,4637
82834,230681,4638
82840,170486,4639
82849,147467,4640
82857,184196,4641
82861,186269,4642
82865,167400,4643
82871,49622,4644
82877,86970,4645
82899,215887,4646
82916,277779,4647
82927,303717,4648
82933,200876,4649
82941,83067,4650
82956,359881,4651
82958,139605,4652
82971,301739,4653
82977,370348,4654
82982,262708,4655
82990,292673,4656
82995,218277,4657
84935,122851,4658
87193,42734,4659
87213,62035,4660
87222,39899,4661
87226,68869,4662
87235,55112,4663
87238,21741,4664
87255,94722,4665
87268,269121,4666
87271,167286,4667
87283,22281,4668
87288,4551,4669
87297,212237,4670
87308,84458,4671
87310,79576,4672
87323,235623,4673
87327,229543,4674
87331,14920,4675
87342,23752,4676
87348,21236,4677
87353,27231,4678
87359,20931,4679
87367,23213,4680
87379,319056,4681
87422,370252,4682
87429,124576,4683
87446,35192,4684
87465,93131,4685
87484,353488,4686
87495,393718,4687
87501,222948,4688
87515,281504,4689
87521,97487,4690
87532,382037,4691
87536,364497,4692
87544,267285,4693
87551,318605,4694
87561,161440,4695
87570,216740,4696
87576,324661,4697
87582,260971,4698
87589,322981,4699
87599,364577,4700
87608,381460,4701
87613,359874,4702
87617,322701,4703
87627,228205,4704
87632,296969,4705
87639,400700,4706
87643,332683,4707
87649,131988,4708
87655,318694,4709
87658,12419,4710
87666,54067,4711
87675,23637,4712
87682,14396,4713
87694,23709,4714
87704,366278,4715
87715,206462,4716
87730,268085,4717
87733,144014,4718
87744,324643,4719
87746,153973,4720
87759,392107,4721
87765,266427,4722
87772,342568,4723
87776,394175,4724
87795,151734,4725
87845,306753,4726
87858,237650,4727
87874,228876,4728
87887,276393,4729
87901,256306,4730
87911,322363,4731
87919,101629,4732
87936,168775,4733
87942,378991,4734
87950,138659,4735
87956,312687,4736
87969,241452,4737
87977,209291,4738
87979,6730,4739
87991,312212,4740
88000,144467,4741
88004,136853,4742
88013,140321,4743
88018,205462,4744
88026,400601,4745
88031,233830,4746
88037,165654,4747
88040,272099,4748
88048,84808,4749
88053,299752,4750
88060,324582,4751
88067,270812,4752
91848,229692,4753
94037,315940,4754
94053,265933,4755
94057,43352,4756
94083,264252,4757
94101,261379,4758
94106,74736,4759
94126,119726,4760
94138,203253,4761
94150,86969,4762
94170,306477,4763
94180,330608,4764
94195,229108,4765
94205,261682,4766
94217,284895,4767
94223,204532,4768
94234,277147,4769
94244,250052,4770
94255,300984,4771
94259,140169,4772
94274,325969,4773
94280,266212,4774
94290,274797,4775
94293,28031,4776
94307,219000,4777
94317,251162,4778
94319,250980,4779
94325,134704,4780
94336,136101,4781
94345,136120,4782
94348,325763,4783
94357,217530,4784
94358,74173,4785
94368,229511,4786
94371,136291,4787
94378,247422,4788
94385,96550,4789
96211,204482,4790
99056,403837,4791
99094,381290,4792
99108,336451,4793
99117,161480,4794
99151,418132,4795
99156,102285,4796
99182,376735,4797
99191,161291,4798
99211,339570,4799
99222,201689,4800
99231,30690,4801
99250,108688,4802
99264,293928,4803
99284,329540,4804
99298,387488,4805
99304,133680,4806
99317,373752,4807
99326,89887,4808
99342,319469,4809
99350,160785,4810
99367,131691,4811
99373,322235,4812
99385,246960,4813
99401,388259,4814
99404,203234,4815
99421,78106,4816
99427,173931,4817
99440,292161,4818
99449,346261,4819
99455,285842,4820
99468,425235,4821
99474,413740,4822
99482,312511,4823
99487,51109,4824
99499,99686,4825
99509,414803,4826
99522,424247,4827
99524,376443,4828
99538,375847,4829
99545,359157,4830
99551,301874,4831
99558,385586,4832
99566,416308,4833
99571,301151,4834
99578,182684,4835
99590,420799,4836
99595,387806,4837
99601,369636,4838
99609,406912,4839
99617,295896,4840
99622,68154,4841
99632,223114,4842
99640,305809,4843
99647,328346,4844
99651,417133,4845
99656,391188,4846
99664,390289,4847
99667,319758,4848
99673,336161,4849
99679,326527,4850
99684,123768,4851
99693,339073,4852
99696,77598,4853
99704,408182,4854
99712,363108,4855
99716,51294,4856
99725,59693,4857
99733,19591,4858
99740,249078,4859
99743,32477,4860
99752,345978,4861
99756,83023,4862
99767,310844,4863
99772,300460,4864
99774,2780,4865
99783,8531,4866
101145,189107,4867
103255,359534,4868
103318,342238,4869
103330,53454,4870
103357,15073,4871
103405,207276,4872
103439,92960,4873
103463,376249,4874
103469,20023,4875
103518,53194,4876
103532,65520,4877
103560,186551,4878
103573,40951,4879
103587,13659,4880
103610,290218,4881
103628,34172,4882
103656,51109,4883
103665,240426,4884
103685,38303,4885
103698,250438,4886
103718,399056,4887
103722,65444,4888
103744,324371,4889
103752,45442,4890
103765,163452,4891
103774,18566,4892
103793,79374,4893
103804,257352,4894
103809,360335,4895
103826,192064,4896
103832,243630,4897
103839,9614,4898
103850,294298,4899
103864,184037,4900
103875,321611,4901
103883,147419,4902
103891,65429,4903
103907,139568,4904
103919,368347,4905
103926,79000,4906
103932,18342,4907
103942,17448,4908
103954,119235,4909
103962,80357,4910
103972,41542,4911
103984,32076,4912
103994,19436,4913
103998,12359,4914
104005,267153,4915
104016,218055,4916
104027,379117,4917
104033,131559,4918
104040,100301,4919
104048,86400,4920
104058,45832,4921
104062,146719,4922
104072,79385,4923
104081,54414,4924
104090,35462,4925
104096,67445,4926
104100,16724,4927
104114,373342,4928
104115,102000,4929
104125,95667,4930
104133,139830,4931
104137,81273,4932
104147,333971,4933
104156,79805,4934
104159,75484,4935
104168,65473,4936
104176,76630,4937
104180,268130,4938
104185,28503,4939
104194,107816,4940
104202,23973,4941
104209,114942,4942
104219,78133,4943
104223,31005,4944
104227,376982,4945
104237,270431,4946
104239,256275,4947
104246,241227,4948
104256,358587,4949
104258,150577,4950
104266,206656,4951
104269,149280,4952
104279,300178,4953
104285,117720,4954
104289,78158,4955
104294,264201,4956
104303,76686,4957
104308,71765,4958
104313,70930,4959
104321,55146,4960
104328,56210,4961
104332,44368,4962
104339,75354,4963
104342,26905,4964
104348,25758,4965
104354,20535,4966
104360,20126,4967
104366,30195,4968
104373,17097,4969
104380,16764,4970
104383,16177,4971
107827,180638,4972
111946,93394,4973
111991,249775,4974
112011,133110,4975
112025,245415,4976
112036,232191,4977
112048,339206,4978
112062,269919,4979
112070,203214,4980
112084,252853,4981
112090,190231,4982
112107,373398,4983
112117,338113,4984
112121,181552,4985
112137,260301,4986
112145,266480,4987
112149,256419,4988
112156,132723,4989
112165,176989,4990
112171,53516,4991
112182,161721,4992
112190,369717,4993
112194,276486,4994
112198,260137,4995
112209,258349,4996
112212,240201,4997
112219,390898,4998
112224,263217,4999
