d3mIndex,nodeID,community
1,225214,0
5,331787,1
8,421279,2
12,231953,3
17,304770,4
18,112813,5
22,112813,6
26,199372,7
33,412528,8
38,540207,9
40,191846,10
46,170327,11
50,170327,12
52,55727,13
56,55727,14
62,170327,15
67,269070,16
73,280502,17
77,260685,18
79,104191,19
85,78359,20
91,497007,21
96,213615,22
103,213617,23
109,444709,24
114,337981,25
122,522555,26
126,278335,27
132,112823,28
133,112813,29
137,348108,30
144,243477,31
150,33054,32
154,147735,33
165,428792,34
173,483698,35
177,449388,36
180,335486,37
190,170269,38
198,452567,39
204,249463,40
209,332135,41
212,36892,42
217,36892,43
223,135088,44
231,359673,45
241,372395,46
245,182210,47
256,464872,48
259,170327,49
262,273430,50
269,20186,51
277,249025,52
281,213615,53
284,213603,54
291,372238,55
297,155666,56
302,29159,57
311,163140,58
317,231529,59
324,174631,60
332,334721,61
336,112814,62
342,112823,63
345,521598,64
349,521598,65
353,449093,66
359,461414,67
360,112813,68
364,38504,69
372,23338,70
379,79348,71
390,392394,72
394,66620,73
404,249025,74
407,233468,75
413,213603,76
426,536483,77
427,221215,78
437,387661,79
444,302622,80
447,233468,81
457,221076,82
470,523055,83
471,280181,84
479,55727,85
489,231533,86
493,129187,87
502,90608,88
516,542899,89
524,524822,90
527,112814,91
531,273430,92
535,46638,93
549,351508,94
558,394142,95
564,357139,96
568,213604,97
576,234939,98
587,528463,99
593,317988,100
600,133589,101
608,142980,102
617,37099,103
630,79164,104
641,446662,105
647,396166,106
654,108405,107
665,202424,108
676,367283,109
679,213603,110
685,100394,111
697,253308,112
701,253308,113
708,499056,114
712,199812,115
719,60792,116
735,431590,117
744,424292,118
751,315852,119
758,329732,120
766,422756,121
775,280334,122
782,452316,123
789,281988,124
802,511464,125
806,257956,126
821,543618,127
824,33850,128
832,467308,129
836,152903,130
850,216152,131
856,214408,132
868,305042,133
874,163452,134
883,338843,135
891,153838,136
902,112821,137
906,112668,138
918,353245,139
922,219649,140
932,64777,141
942,256350,142
948,276029,143
957,434086,144
974,528406,145
977,396166,146
989,350763,147
993,378519,148
999,221577,149
1011,339289,150
1021,93341,151
1037,375470,152
1046,222178,153
1060,463165,154
1072,350356,155
1075,21742,156
1092,216724,157
1104,114561,158
1116,289094,159
1122,213615,160
1129,476575,161
1138,239132,162
1150,542891,163
1156,43288,164
1178,526750,165
1185,154417,166
1197,201574,167
1211,343464,168
1230,515271,169
1234,436218,170
1239,436218,171
1241,4406,172
1257,229395,173
1270,220034,174
1277,318299,175
1292,391732,176
1297,164710,177
1307,323354,178
1313,240095,179
1321,243898,180
1328,264346,181
1343,396166,182
1351,166143,183
1366,201582,184
1380,415253,185
1394,405956,186
1400,470794,187
1414,463507,188
1420,311349,189
1428,136210,190
1441,129710,191
1457,365200,192
1475,517527,193
1489,418406,194
1500,410927,195
1502,55727,196
1507,433612,197
1510,51830,198
1526,217106,199
1544,377023,200
1550,44111,201
1573,377023,202
1579,112814,203
1582,2223,204
1597,74320,205
1614,241646,206
1629,248812,207
1645,249514,208
1653,225226,209
1664,185031,210
1674,436121,211
1683,293070,212
1693,124,213
1708,436711,214
1714,164133,215
1719,530421,216
1731,436325,217
1741,408235,218
1747,301853,219
1754,250186,220
1763,348218,221
1769,359673,222
1779,284791,223
1795,517963,224
1796,134939,225
1802,11773,226
1831,462464,227
1846,346114,228
1850,349,229
1874,503406,230
1883,426387,231
1891,271402,232
1900,20183,233
1905,121006,234
1927,262820,235
1928,348108,236
1947,437936,237
1953,118929,238
1967,110512,239
1983,382137,240
1997,302152,241
2009,109422,242
2015,77776,243
2037,237771,244
2047,146593,245
2058,500036,246
2069,503396,247
2077,86953,248
2091,359673,249
2112,531176,250
2118,344930,251
2124,89139,252
2158,525524,253
2168,358037,254
2189,524843,255
2190,4406,256
2215,410870,257
2222,467601,258
2224,128,259
2239,504753,260
2244,46703,261
2259,285310,262
2276,320985,263
2287,110248,264
2305,237977,265
2309,82730,266
2316,219649,267
2322,2348,268
2350,455309,269
2356,483701,270
2359,55727,271
2379,464495,272
2383,103148,273
2387,302845,274
2393,209104,275
2407,224119,276
2413,186509,277
2417,79592,278
2442,235463,279
2460,517525,280
2472,496219,281
2492,473812,282
2500,333697,283
2510,277248,284
2517,209646,285
2536,198172,286
2554,335007,287
2555,55727,288
2576,495664,289
2583,201855,290
2590,422756,291
2593,233468,292
2608,406477,293
2627,543262,294
2630,14435,295
2644,74639,296
2664,364176,297
2669,335007,298
2676,387663,299
2693,540364,300
2696,87694,301
2715,353931,302
2724,72095,303
2748,508622,304
2749,151034,305
2759,171678,306
2773,447988,307
2784,345111,308
2806,309044,309
2822,402718,310
2833,199263,311
2858,540627,312
2859,10596,313
2875,158928,314
2910,518091,315
2916,257621,316
2937,342258,317
2946,201574,318
2966,524843,319
2976,321284,320
2992,280772,321
3009,391504,322
3024,267735,323
3038,382482,324
3044,157060,325
3078,526595,326
3091,335040,327
3107,78957,328
3131,130580,329
3156,85486,330
3173,203229,331
3196,162804,332
3205,179179,333
3226,378414,334
3237,230601,335
3261,322563,336
3275,531490,337
3287,363427,338
3297,127731,339
3309,229173,340
3323,356196,341
3331,486195,342
3334,32239,343
3354,9244,344
3401,539125,345
3409,171491,346
3427,226654,347
3449,304564,348
3454,51511,349
3493,265479,350
3503,199372,351
3509,64131,352
3530,176908,353
3553,151751,354
3592,543731,355
3610,542826,356
3636,492349,357
3644,188313,358
3672,159929,359
3697,203600,360
3731,536742,361
3757,462377,362
3764,263151,363
3775,331974,364
3797,411757,365
3808,241282,366
3829,501100,367
3835,546317,368
3856,404226,369
3870,546317,370
3876,269061,371
3890,492595,372
3907,536741,373
3927,382042,374
3942,361696,375
3946,361698,376
3947,41256,377
3952,288126,378
3958,55727,379
3969,188313,380
3990,232842,381
4002,227789,382
4014,332943,383
4047,543731,384
4065,542826,385
4092,441658,386
4108,380137,387
4111,285310,388
4122,114379,389
4134,91927,390
4167,543730,391
4181,545995,392
4198,499411,393
4202,289685,394
4231,482085,395
4236,51130,396
4269,540207,397
4271,161938,398
4285,129913,399
4297,128824,400
4318,23901,401
4370,423615,402
4377,39539,403
4424,483882,404
4436,205568,405
4451,321320,406
4461,172464,407
4493,456694,408
4509,546890,409
4511,57824,410
4535,272841,411
4551,433612,412
4557,149985,413
4593,513774,414
4604,277892,415
4617,274813,416
4627,366590,417
4631,8324,418
4675,375097,419
4689,353931,420
4712,398321,421
4738,431428,422
4747,13732,423
4791,542867,424
4804,39542,425
4824,31455,426
4847,535668,427
4866,510314,428
4879,239320,429
4905,68576,430
4936,10584,431
4977,273374,432
5012,485258,433
5017,509043,434
5021,53293,435
5053,429007,436
5055,367144,437
5063,44277,438
5092,4365,439
5129,151751,440
5147,77793,441
5190,162112,442
5214,44363,443
5246,106810,444
5260,216724,445
5271,171678,446
5284,171678,447
5321,449838,448
5355,383249,449
5385,412738,450
5412,543173,451
5433,543162,452
5443,172369,453
5471,264382,454
5493,264382,455
5518,324311,456
5558,344070,457
5595,401686,458
5608,36793,459
5648,346403,460
5656,114686,461
5681,346403,462
5689,204591,463
5714,413664,464
5741,322564,465
5756,39538,466
5792,491208,467
5801,157089,468
5826,96158,469
5856,172939,470
5881,91927,471
5893,169543,472
5901,110748,473
5918,538480,474
5931,81957,475
5961,409202,476
5972,140762,477
6024,429580,478
6058,400164,479
6078,179922,480
6105,185449,481
6146,542683,482
6165,538480,483
6178,127568,484
6196,38970,485
6205,462944,486
6209,361696,487
6211,41256,488
6214,41256,489
6217,41256,490
6221,361696,491
6223,41256,492
6230,109422,493
6237,335007,494
6268,470095,495
6292,497338,496
6297,113773,497
6332,252800,498
6363,139410,499
6384,209823,500
6389,447929,501
6409,497338,502
6412,26762,503
6432,171491,504
6451,154047,505
6468,126757,506
6489,280334,507
6495,216065,508
6506,543619,509
6513,424680,510
6522,535420,511
6523,14599,512
6550,508622,513
6555,353931,514
6567,227747,515
6579,138301,516
6597,487203,517
6607,152868,518
6644,535420,519
6677,434233,520
6711,240218,521
6744,395309,522
6770,484370,523
6800,514297,524
6830,498010,525
6833,193375,526
6847,42346,527
6904,237078,528
6940,85979,529
6990,132503,530
7021,163485,531
7038,252788,532
7083,385730,533
7110,170410,534
7157,176695,535
7210,308167,536
7238,132671,537
7310,464728,538
7317,150515,539
7331,151456,540
7351,102751,541
7382,440539,542
7401,309062,543
7421,358004,544
7426,440525,545
7440,194103,546
7477,311040,547
7494,170304,548
7552,544730,549
7602,462530,550
7612,373569,551
7652,486888,552
7671,254623,553
7719,534623,554
7764,285633,555
7806,293177,556
7852,336749,557
7869,99819,558
7892,247058,559
7906,288952,560
7909,128209,561
7917,520891,562
7921,532724,563
7925,520891,564
7927,176255,565
7956,290331,566
8000,247096,567
8041,362180,568
8048,278864,569
8072,412804,570
8097,543173,571
8103,544403,572
8113,546317,573
8118,238939,574
8148,338709,575
8214,519832,576
8256,356166,577
8292,473521,578
8294,74550,579
8318,520268,580
8321,402485,581
8328,127568,582
8368,254423,583
8397,311631,584
8411,211862,585
8457,327818,586
8485,276724,587
8513,251852,588
8561,188698,589
8588,170327,590
8616,336749,591
8636,26999,592
8684,372238,593
8693,348108,594
8714,524843,595
8718,96158,596
8772,436124,597
8829,478514,598
8844,376757,599
8854,467673,600
8864,199941,601
8890,543799,602
8901,433881,603
8905,318313,604
8920,425449,605
8933,84346,606
8990,350288,607
9007,201574,608
9040,511619,609
9044,78589,610
9056,240874,611
9108,303160,612
9127,336468,613
9134,362231,614
9163,500862,615
9176,415253,616
9186,215112,617
9198,328644,618
9202,21659,619
9244,21659,620
9285,144629,621
9322,328483,622
9347,21695,623
9388,138890,624
9432,376846,625
9459,237989,626
9469,141343,627
9508,543899,628
9510,114378,629
9525,152903,630
9535,114378,631
9554,544421,632
9577,419909,633
9586,390340,634
9594,59216,635
9663,313734,636
9711,348809,637
9737,238496,638
9738,31442,639
9743,31442,640
9750,114651,641
9791,500867,642
9821,500865,643
9830,140014,644
9839,116154,645
9848,164738,646
9889,282906,647
9934,255998,648
10018,406316,649
10038,5081,650
10117,419738,651
10153,158023,652
10194,93814,653
10215,356740,654
10244,305716,655
10263,323657,656
10268,343145,657
10307,436124,658
10316,412241,659
10317,73086,660
10343,233838,661
10372,252984,662
10380,335007,663
10400,210462,664
10433,510899,665
10436,109859,666
10445,131554,667
10454,278731,668
10462,317254,669
10468,278731,670
10483,329470,671
10488,272830,672
10493,65561,673
10509,515081,674
10521,110311,675
10598,118660,676
10694,274961,677
10745,205505,678
10773,316486,679
10811,216697,680
10854,308223,681
10859,39537,682
10890,102398,683
10920,527614,684
10926,359086,685
10991,427277,686
11010,81909,687
11059,486535,688
11063,128205,689
11071,31173,690
11084,53701,691
11098,125538,692
11164,315637,693
11209,498286,694
11213,68139,695
11233,58441,696
11297,102502,697
11344,93385,698
11366,168327,699
11379,273441,700
11382,273441,701
11384,67554,702
11403,462984,703
11427,409816,704
11464,185834,705
11526,105920,706
11568,164600,707
11630,194419,708
11633,13343,709
11636,13343,710
11644,389547,711
11692,543247,712
11708,432505,713
11763,436758,714
11781,70601,715
11792,531441,716
11800,110514,717
11853,247058,718
11886,192985,719
11894,288126,720
11904,234292,721
11914,506531,722
11918,342953,723
11954,431150,724
11968,542439,725
11976,354356,726
11988,443826,727
11996,171491,728
12016,472012,729
12029,128871,730
12112,326049,731
12163,282787,732
12174,373969,733
12179,46365,734
12192,373969,735
12195,5465,736
12200,353015,737
12208,77064,738
12253,325643,739
12272,276501,740
12282,535832,741
12286,307436,742
12293,174182,743
12306,500534,744
12339,408836,745
12351,257621,746
12362,42687,747
12375,433612,748
12378,433612,749
12385,425574,750
12389,17479,751
12405,166536,752
12495,527136,753
12499,161487,754
12504,520439,755
12505,314443,756
12514,537841,757
12536,359616,758
12549,314450,759
12554,353272,760
12568,76261,761
12706,403329,762
12743,403287,763
12759,196637,764
12775,353272,765
12777,314443,766
12784,479970,767
12792,190467,768
12807,420617,769
12826,147835,770
12904,164375,771
12918,270238,772
12922,345032,773
12925,249599,774
12939,114138,775
12979,14698,776
13004,496847,777
13012,347926,778
13023,429358,779
13029,182037,780
13032,263163,781
13050,542948,782
13061,322607,783
13068,391697,784
13076,385265,785
13084,278864,786
13092,110413,787
13106,40318,788
13213,138094,789
13222,353272,790
13227,479970,791
13228,314443,792
13234,353272,793
13238,353272,794
13242,353272,795
13245,27853,796
13258,96430,797
13291,283440,798
13319,351254,799
13345,278146,800
13408,480884,801
13443,538792,802
13459,336727,803
13472,55735,804
13502,508006,805
13526,473456,806
13533,365781,807
13539,300830,808
13544,82245,809
13555,496284,810
13558,192636,811
13590,323378,812
13613,95539,813
13628,444566,814
13632,369920,815
13646,200196,816
13658,275375,817
13694,432569,818
13712,346403,819
13719,232761,820
13723,304564,821
13749,167799,822
13780,434697,823
13814,389473,824
13832,238496,825
13863,490890,826
13881,495975,827
13887,76467,828
13905,203993,829
13918,522043,830
13919,62554,831
13928,452195,832
13931,331579,833
13935,206513,834
13941,260897,835
14000,407273,836
14030,517527,837
14038,386269,838
14045,511685,839
14055,128696,840
14085,115979,841
14128,384795,842
14146,513582,843
14151,353635,844
14178,470946,845
14191,150058,846
14206,395227,847
14238,412353,848
14254,86953,849
14268,341322,850
14275,341322,851
14285,341344,852
14293,341352,853
14300,341352,854
14306,341344,855
14316,370860,856
14321,112925,857
14419,502212,858
14451,475012,859
14461,199682,860
14497,285560,861
14528,367309,862
14536,345010,863
14582,516992,864
14588,201574,865
14601,39542,866
14625,127568,867
14644,467601,868
14655,273700,869
14678,405645,870
14684,342426,871
14689,210439,872
14719,453635,873
14758,496578,874
14768,208899,875
14775,12060,876
14781,29584,877
14787,445494,878
14789,12062,879
14836,516992,880
14838,112925,881
14845,122613,882
14855,111726,883
14867,122613,884
14879,146317,885
14886,121794,886
14891,314450,887
14894,314443,888
14899,314450,889
15002,482584,890
15039,78548,891
15263,464824,892
15293,140949,893
15301,34869,894
15315,476208,895
15321,341344,896
15327,341326,897
15337,406477,898
15348,341352,899
15362,503387,900
15366,297677,901
15374,299905,902
15381,34204,903
15404,235864,904
15415,491949,905
15419,463375,906
15422,377661,907
15444,402267,908
15476,337607,909
15539,516044,910
15544,155398,911
15561,521391,912
15564,212108,913
15573,245498,914
15578,335156,915
15590,531212,916
15595,308654,917
15604,172595,918
15617,376908,919
15622,116233,920
15633,161318,921
15646,73938,922
15676,320317,923
15682,382792,924
15689,213681,925
15691,2641,926
15719,473755,927
15742,445998,928
15779,253914,929
15796,293039,930
15804,148221,931
15809,74552,932
15863,372395,933
15867,150543,934
15883,186430,935
15893,190064,936
15906,303698,937
15910,179001,938
15913,198055,939
15923,148221,940
15939,467636,941
15947,308769,942
15955,409881,943
15958,256513,944
15961,36956,945
15981,543161,946
15987,443571,947
15991,343145,948
15995,33371,949
16003,520439,950
16007,463375,951
16012,341326,952
16018,341324,953
16022,278731,954
16029,253126,955
16049,301867,956
16072,144982,957
16093,271402,958
16105,366784,959
16106,42761,960
16117,421279,961
16121,335156,962
16134,129002,963
16183,468775,964
16195,339985,965
16203,218279,966
16207,44578,967
16218,12346,968
16227,199086,969
16233,110512,970
16238,5384,971
16252,310314,972
16262,311778,973
16264,18479,974
16277,389114,975
16282,97202,976
16288,350932,977
16302,319526,978
16320,346393,979
16328,147315,980
16354,131211,981
16399,352692,982
16416,468596,983
16421,269199,984
16432,292001,985
16438,196135,986
16450,520755,987
16454,508971,988
16484,204274,989
16548,196135,990
16551,20571,991
16560,116757,992
16572,432850,993
16578,275015,994
16581,154138,995
16588,73933,996
16622,543522,997
16631,485750,998
16632,11212,999
16644,345483,1000
16656,510899,1001
16661,447090,1002
16663,74012,1003
16687,530238,1004
16696,392187,1005
16700,263151,1006
16708,12062,1007
16713,109591,1008
16735,305536,1009
16752,144713,1010
16781,265611,1011
16783,410601,1012
16786,181409,1013
16790,12060,1014
16794,12060,1015
16800,29584,1016
16802,12060,1017
16808,252076,1018
16815,117816,1019
16819,44315,1020
16827,133589,1021
16836,402485,1022
16843,426387,1023
16848,49268,1024
16862,402784,1025
16880,245861,1026
16898,287742,1027
16995,412826,1028
17031,518689,1029
17037,401355,1030
17043,48394,1031
17046,45104,1032
17064,530227,1033
17067,263164,1034
17073,33054,1035
17088,500917,1036
17095,327449,1037
17104,487657,1038
17105,21742,1039
17139,243863,1040
17167,183955,1041
17171,126694,1042
17179,177192,1043
17183,197137,1044
17191,256515,1045
17230,547836,1046
17240,222158,1047
17277,183955,1048
17284,382058,1049
17291,225413,1050
17302,404231,1051
17306,180936,1052
17322,419250,1053
17340,465116,1054
17384,439622,1055
17394,51246,1056
17401,316053,1057
17404,134247,1058
17436,167801,1059
17545,523270,1060
17581,513275,1061
17582,219649,1062
17588,219649,1063
17598,428582,1064
17620,127199,1065
17750,541417,1066
17757,428582,1067
17762,263164,1068
17767,53198,1069
17784,313239,1070
17797,522287,1071
17800,192052,1072
17804,60243,1073
17812,268119,1074
17815,80905,1075
17819,298418,1076
17823,93274,1077
17841,406965,1078
17877,467217,1079
17890,260685,1080
17893,412528,1081
17932,512492,1082
17939,74788,1083
17945,517791,1084
17951,102545,1085
17984,361444,1086
17994,330175,1087
17996,73466,1088
18000,176255,1089
18004,315381,1090
18006,176255,1091
18056,543874,1092
18074,544730,1093
18105,543666,1094
18128,334802,1095
18164,414330,1096
18184,433045,1097
18198,408215,1098
18206,260630,1099
18217,189478,1100
18231,112825,1101
18274,444051,1102
18287,479970,1103
18288,314443,1104
18294,353272,1105
18310,428498,1106
18331,320317,1107
18337,382792,1108
18344,213681,1109
18348,49830,1110
18373,410601,1111
18377,385314,1112
18380,11312,1113
18411,492497,1114
18414,410601,1115
18420,410603,1116
18426,103117,1117
18444,264870,1118
18467,75245,1119
18501,23490,1120
18521,486195,1121
18525,110512,1122
18530,2770,1123
18567,250530,1124
18586,457072,1125
18589,429715,1126
18593,119215,1127
18622,492497,1128
18634,456320,1129
18639,455453,1130
18642,186907,1131
18669,216822,1132
18703,97257,1133
18719,34448,1134
18730,293656,1135
18736,496857,1136
18745,314957,1137
18758,348574,1138
18790,305716,1139
18806,161938,1140
18819,335486,1141
18839,504887,1142
18852,538606,1143
18855,354072,1144
18859,189129,1145
18871,280497,1146
18909,408836,1147
18919,160798,1148
18932,178077,1149
18956,408416,1150
18970,151422,1151
18971,58392,1152
18982,318580,1153
18997,408235,1154
19002,497007,1155
19006,29420,1156
19093,246767,1157
19119,128781,1158
19145,181169,1159
19151,128,1160
19166,504753,1161
19173,544099,1162
19180,243593,1163
19191,35615,1164
19197,260990,1165
19201,128205,1166
19211,353015,1167
19246,251391,1168
19279,95977,1169
19314,356956,1170
19319,74320,1171
19336,446662,1172
19347,134561,1173
19359,12062,1174
19390,494077,1175
19406,261558,1176
19429,427444,1177
19442,163205,1178
19480,221436,1179
19504,473120,1180
19506,249827,1181
19513,308768,1182
19533,267623,1183
19552,253776,1184
19563,60508,1185
19575,363864,1186
19580,324450,1187
19589,96158,1188
19635,76908,1189
19692,9284,1190
19719,321841,1191
19727,207285,1192
19742,144193,1193
19806,546017,1194
19857,546961,1195
19861,132531,1196
19871,171972,1197
19880,505411,1198
19883,58894,1199
19899,476278,1200
19905,269906,1201
19916,463766,1202
19919,535855,1203
19921,211795,1204
19930,104191,1205
19935,193203,1206
19939,21166,1207
19946,334490,1208
19963,436828,1209
19974,101413,1210
19987,80442,1211
20018,321740,1212
20029,245639,1213
20040,435715,1214
20047,114378,1215
20061,126438,1216
20068,119540,1217
20072,35237,1218
20081,361696,1219
20083,5223,1220
20096,417645,1221
20109,151750,1222
20134,543522,1223
20141,520037,1224
20146,459621,1225
20150,337585,1226
20159,268915,1227
20162,188421,1228
20178,274294,1229
20186,261804,1230
20197,535702,1231
20202,518638,1232
20217,445944,1233
20225,248473,1234
20233,448166,1235
20235,354618,1236
20241,450744,1237
20247,128583,1238
20263,164686,1239
20280,486535,1240
20285,174208,1241
20324,323378,1242
20344,98742,1243
20362,545919,1244
20365,16832,1245
20381,124244,1246
20418,486252,1247
20425,17479,1248
20434,20193,1249
20447,426387,1250
20452,482725,1251
20481,481690,1252
20488,112169,1253
20523,367186,1254
20535,83155,1255
20558,278335,1256
20568,495066,1257
20571,103897,1258
20579,200920,1259
20585,100579,1260
20594,96158,1261
20617,334903,1262
20624,353015,1263
20627,107582,1264
20644,359987,1265
20653,366254,1266
20658,533255,1267
20659,18471,1268
20757,476504,1269
20763,456555,1270
20767,276154,1271
20776,473351,1272
20783,365285,1273
20788,445322,1274
20791,98075,1275
20796,303749,1276
20813,372562,1277
20825,417412,1278
20832,138325,1279
20848,376450,1280
20865,456621,1281
20869,213615,1282
20882,232830,1283
20915,249702,1284
20924,181666,1285
20929,111726,1286
20945,147107,1287
20953,122622,1288
20962,258340,1289
20967,3210,1290
21029,356399,1291
21060,460256,1292
21080,317602,1293
21093,413213,1294
21099,304046,1295
21105,57365,1296
21113,496855,1297
21115,73,1298
21134,230413,1299
21146,357406,1300
21177,345746,1301
21202,356159,1302
21214,285631,1303
21221,186907,1304
21228,133087,1305
21244,541044,1306
21245,62212,1307
21252,53535,1308
21264,106506,1309
21285,142299,1310
21300,163775,1311
21306,537922,1312
21307,4624,1313
21312,131925,1314
21318,16793,1315
21336,421692,1316
21357,97871,1317
21413,458612,1318
21416,31185,1319
21467,438354,1320
21474,161938,1321
21488,349932,1322
21497,155031,1323
21531,367186,1324
21543,149144,1325
21547,69059,1326
21560,393657,1327
21581,393666,1328
21609,479901,1329
21614,327234,1330
21626,529587,1331
21649,434163,1332
21653,24554,1333
21663,445322,1334
21669,452195,1335
21673,395427,1336
21675,491421,1337
21743,442010,1338
21783,339441,1339
21802,463827,1340
21807,124093,1341
21821,171979,1342
21836,340825,1343
21837,117069,1344
21847,414430,1345
21851,478037,1346
21854,35472,1347
21871,223802,1348
21882,68871,1349
21908,272582,1350
21913,38085,1351
21945,319569,1352
21951,21193,1353
21973,302342,1354
21982,36892,1355
22011,480478,1356
22023,174631,1357
22057,480479,1358
22066,91623,1359
22083,471280,1360
22087,361698,1361
22093,537841,1362
22094,88809,1363
22101,240113,1364
22116,464000,1365
22118,142980,1366
22129,265064,1367
22134,535138,1368
22135,112813,1369
22139,33371,1370
22149,137498,1371
22188,508419,1372
22201,547883,1373
22202,124476,1374
22213,547406,1375
22214,22153,1376
22227,97202,1377
22235,227643,1378
22239,303218,1379
22306,426084,1380
22342,426827,1381
22354,139293,1382
22389,308901,1383
22403,177753,1384
22411,270559,1385
22420,325048,1386
22429,270034,1387
22436,435234,1388
22439,28914,1389
22445,511862,1390
22479,543434,1391
22481,312402,1392
22496,280334,1393
22507,247059,1394
22525,546961,1395
22529,316053,1396
22531,288952,1397
22534,59514,1398
22562,277890,1399
22586,542870,1400
22596,538298,1401
22617,388934,1402
22628,151456,1403
22654,179921,1404
22671,178128,1405
22692,200801,1406
22737,331333,1407
22758,322320,1408
22780,124351,1409
22794,418046,1410
22803,298877,1411
22829,421754,1412
22854,379022,1413
22863,250185,1414
22867,349175,1415
22882,158753,1416
22913,82034,1417
22947,480482,1418
22950,103425,1419
22960,249827,1420
22964,74447,1421
22975,472121,1422
22979,90445,1423
22995,438089,1424
22999,58894,1425
23008,10180,1426
23024,479488,1427
23029,505924,1428
23039,151751,1429
23065,247059,1430
23082,429927,1431
23083,278308,1432
23093,496149,1433
23096,244635,1434
23100,172861,1435
23111,283188,1436
23128,14280,1437
23137,128544,1438
23147,317254,1439
23153,128544,1440
23161,128544,1441
23176,341352,1442
23180,341322,1443
23185,128544,1444
23198,341326,1445
23204,341322,1446
23214,513847,1447
23225,140717,1448
23265,269637,1449
23290,337558,1450
23296,10894,1451
23309,188388,1452
23360,444456,1453
23373,3114,1454
23412,221076,1455
23422,70513,1456
23463,20550,1457
23473,18588,1458
23486,450237,1459
23489,98742,1460
23499,94085,1461
23513,80072,1462
23524,244635,1463
23528,80429,1464
23541,290148,1465
23574,305716,1466
23599,492595,1467
23608,216724,1468
23621,380137,1469
23628,377039,1470
23633,363073,1471
23639,170327,1472
23645,496793,1473
23681,130619,1474
23772,243994,1475
23788,209104,1476
23805,76246,1477
23816,104766,1478
23844,254829,1479
23847,354618,1480
23854,336521,1481
23864,25705,1482
23878,424871,1483
23881,53654,1484
23889,537472,1485
23890,5486,1486
23898,53577,1487
23902,52177,1488
23910,449093,1489
23913,156266,1490
23941,399876,1491
23950,87694,1492
23967,103133,1493
23986,522815,1494
23991,455700,1495
23993,85960,1496
23997,37922,1497
24000,37922,1498
24007,99684,1499
24055,194407,1500
24081,107705,1501
24117,460517,1502
24125,203622,1503
24147,123183,1504
24171,417575,1505
24179,540054,1506
24186,332827,1507
24199,143357,1508
24233,294762,1509
24242,377661,1510
24245,537116,1511
24246,172861,1512
24254,135241,1513
24279,288817,1514
24298,340505,1515
24307,427876,1516
24310,464708,1517
24317,235901,1518
24337,157624,1519
24375,110507,1520
24396,157624,1521
24435,110512,1522
24464,543762,1523
24483,543162,1524
24514,432613,1525
24517,348108,1526
24525,72183,1527
24537,161938,1528
24552,234650,1529
24559,234292,1530
24568,90608,1531
24575,338843,1532
24583,170327,1533
24585,33175,1534
24602,201574,1535
24613,226898,1536
24625,356196,1537
24635,391732,1538
24640,483701,1539
24644,78359,1540
24648,287533,1541
24654,123508,1542
24660,351760,1543
24662,250240,1544
24674,530490,1545
24678,352253,1546
24685,454021,1547
24688,97106,1548
24718,320287,1549
24742,517526,1550
24750,215112,1551
24759,359673,1552
24770,487438,1553
24775,351760,1554
24778,233306,1555
24786,446022,1556
24790,341324,1557
24795,413700,1558
24833,438354,1559
24840,233468,1560
24863,523685,1561
24871,486195,1562
24878,328644,1563
24883,170327,1564
24892,273712,1565
24902,389999,1566
24904,62937,1567
24915,98804,1568
24929,500917,1569
24937,341995,1570
24949,7834,1571
24957,353325,1572
24960,363229,1573
24968,373438,1574
24973,256515,1575
24981,488055,1576
24987,387855,1577
24998,304985,1578
25005,1640,1579
25026,353933,1580
25046,489348,1581
25055,397189,1582
25069,296533,1583
25116,543162,1584
25169,548188,1585
25175,4767,1586
25214,533157,1587
25218,110748,1588
25227,119246,1589
25233,171972,1590
25264,304646,1591
25332,463968,1592
25336,141160,1593
25363,295279,1594
25378,170945,1595
25395,313239,1596
25403,373969,1597
25410,303647,1598
25416,218900,1599
25423,166344,1600
25430,509043,1601
25433,429007,1602
25435,21053,1603
25456,196867,1604
25467,347332,1605
25472,338690,1606
25480,473674,1607
25485,365448,1608
25490,474241,1609
25495,464555,1610
25501,476153,1611
25533,331669,1612
25567,123975,1613
25602,136590,1614
25632,395464,1615
25638,144069,1616
25649,64751,1617
25663,323498,1618
25668,177301,1619
25676,301581,1620
25681,275568,1621
25690,456488,1622
25691,211006,1623
25700,366784,1624
25702,243477,1625
25708,241485,1626
25718,21859,1627
25908,416018,1628
25951,350128,1629
25978,289158,1630
25992,72733,1631
26006,117609,1632
26016,361698,1633
26019,302845,1634
26020,213603,1635
26046,520958,1636
26061,521061,1637
26072,531758,1638
26075,32025,1639
26087,517525,1640
26098,348925,1641
26102,138036,1642
26111,336994,1643
26113,91816,1644
26116,105089,1645
26130,247467,1646
26150,18596,1647
26185,483774,1648
26188,234292,1649
26196,243477,1650
26203,82400,1651
26211,66574,1652
26219,236045,1653
26227,527915,1654
26231,462944,1655
26235,82995,1656
26246,128645,1657
26273,160294,1658
26277,94531,1659
26284,290786,1660
26293,408401,1661
26299,137503,1662
26341,369793,1663
26369,300111,1664
26399,308901,1665
26412,352183,1666
26418,369720,1667
26422,28959,1668
26449,411761,1669
26466,426205,1670
26467,227683,1671
26474,356431,1672
26481,356426,1673
26490,415787,1674
26507,542826,1675
26524,109195,1676
26561,487879,1677
26570,294372,1678
26575,230382,1679
26585,543408,1680
26590,441613,1681
26595,69216,1682
26678,465393,1683
26688,274813,1684
26702,542899,1685
26704,135088,1686
26712,241623,1687
26716,183955,1688
26720,317254,1689
26726,314443,1690
26732,341322,1691
26739,353272,1692
26741,69805,1693
26771,540100,1694
26779,184173,1695
26792,86141,1696
26804,194584,1697
26828,390656,1698
26833,191151,1699
26837,172861,1700
26851,367827,1701
26860,7834,1702
26867,240416,1703
26881,277604,1704
26901,150023,1705
26924,437893,1706
26935,476975,1707
26942,517741,1708
26969,426115,1709
26989,501075,1710
26994,214408,1711
27006,387878,1712
27014,149190,1713
27018,94213,1714
27036,138652,1715
27069,539542,1716
27078,416374,1717
27083,296623,1718
27086,102751,1719
27093,484566,1720
27095,447929,1721
27097,94800,1722
27114,291810,1723
27136,390137,1724
27146,365200,1725
27159,216724,1726
27171,407908,1727
27177,62867,1728
27218,201574,1729
27226,335486,1730
27236,281988,1731
27244,39540,1732
27295,526176,1733
27302,226158,1734
27311,486164,1735
27320,510016,1736
27321,278308,1737
27341,542867,1738
27359,247059,1739
27371,213603,1740
27390,247358,1741
27426,313563,1742
27438,1994,1743
27475,541994,1744
27480,455263,1745
27489,469184,1746
27492,219207,1747
27507,506982,1748
27512,442789,1749
27519,399151,1750
27527,493703,1751
27532,373380,1752
27542,301886,1753
27556,272669,1754
27566,341326,1755
27569,314443,1756
27597,378214,1757
27626,439133,1758
27635,542038,1759
27638,436007,1760
27639,259399,1761
27648,547107,1762
27654,365061,1763
27657,427532,1764
27663,231865,1765
27677,338508,1766
27691,87127,1767
27702,99173,1768
27716,506982,1769
27723,399461,1770
27726,80361,1771
27737,485312,1772
27739,314745,1773
27745,485348,1774
27748,485348,1775
27751,39538,1776
27774,74550,1777
27796,128544,1778
27811,341352,1779
27817,341326,1780
27827,542780,1781
27836,456694,1782
27840,109204,1783
27849,174208,1784
27862,329470,1785
27865,169642,1786
27873,188198,1787
27882,522092,1788
27884,141471,1789
27899,231528,1790
27906,275371,1791
27921,521598,1792
27939,310803,1793
27950,275061,1794
27953,47669,1795
27961,507063,1796
27963,304629,1797
27968,535855,1798
27994,534471,1799
28000,208857,1800
28028,429855,1801
28038,331743,1802
28052,526764,1803
28063,486875,1804
28068,284699,1805
28077,451174,1806
28081,537922,1807
28083,131944,1808
28090,395566,1809
28091,26564,1810
28096,150707,1811
28104,216368,1812
28107,34069,1813
28160,500233,1814
28175,168278,1815
28198,242226,1816
28202,179001,1817
28205,599,1818
28217,530421,1819
28220,350390,1820
28228,344715,1821
28231,164133,1822
28235,338539,1823
28242,169209,1824
28256,437107,1825
28269,319569,1826
28275,94800,1827
28284,149809,1828
28319,537553,1829
28321,62080,1830
28334,42128,1831
28351,505411,1832
28355,277519,1833
28359,61988,1834
28373,85039,1835
28383,66338,1836
28402,222737,1837
28423,100920,1838
28457,277892,1839
28470,52005,1840
28500,133887,1841
28512,190019,1842
28520,306262,1843
28530,258658,1844
28545,262922,1845
28562,523953,1846
28566,98855,1847
28573,288072,1848
28608,527583,1849
28610,118948,1850
28615,32082,1851
28623,493461,1852
28625,186966,1853
28629,29584,1854
28642,538606,1855
28645,465191,1856
28648,279387,1857
28652,521750,1858
28655,336130,1859
28659,265611,1860
28660,12060,1861
28675,500917,1862
28687,414719,1863
28691,253596,1864
28699,339508,1865
28701,401533,1866
28706,421254,1867
28714,476077,1868
28723,445322,1869
28729,164033,1870
28736,377380,1871
28739,372221,1872
28742,45922,1873
28746,491421,1874
28748,68641,1875
28800,543874,1876
28812,9254,1877
28838,39537,1878
28869,533157,1879
28875,119246,1880
28878,240095,1881
28881,356740,1882
28883,91927,1883
28895,299766,1884
28909,112408,1885
28921,393076,1886
28935,409882,1887
28941,228571,1888
28945,476657,1889
28979,311018,1890
29011,424559,1891
29022,542955,1892
29030,397878,1893
29037,446572,1894
29061,217427,1895
29090,418139,1896
29095,436007,1897
29100,239826,1898
29105,171028,1899
29113,508622,1900
29116,402485,1901
29120,78359,1902
29153,538974,1903
29186,544719,1904
29225,9247,1905
29260,372395,1906
29263,20182,1907
29272,171970,1908
29277,512545,1909
29302,374435,1910
29319,222180,1911
29336,297110,1912
29345,190019,1913
29351,402261,1914
29385,500862,1915
29393,215266,1916
29426,500865,1917
29430,45393,1918
29440,388702,1919
29447,513201,1920
29452,434764,1921
29457,278864,1922
29465,31054,1923
29510,282873,1924
29596,294202,1925
29638,89325,1926
29663,15661,1927
29701,452729,1928
29705,118500,1929
29723,500534,1930
29727,199812,1931
29734,73083,1932
29745,94800,1933
29754,432505,1934
29757,512545,1935
29762,192985,1936
29765,239451,1937
29773,437352,1938
29775,186966,1939
29777,55107,1940
29780,6633,1941
29809,136452,1942
29817,73766,1943
29826,67316,1944
29839,403163,1945
29842,138036,1946
29848,91816,1947
29853,210605,1948
29860,158802,1949
29866,514837,1950
29870,126430,1951
29885,216152,1952
29897,368180,1953
29906,180137,1954
29937,512147,1955
29955,293032,1956
29972,286245,1957
29980,288126,1958
29987,243477,1959
29993,62937,1960
30003,75969,1961
30015,428792,1962
30024,495066,1963
30030,428792,1964
30036,39540,1965
30059,83155,1966
30083,429428,1967
30096,446541,1968
30102,62937,1969
30122,501902,1970
30130,216724,1971
30141,363073,1972
30154,533157,1973
30158,213615,1974
30163,415955,1975
30170,189109,1976
30196,32239,1977
30219,179116,1978
30240,410930,1979
30244,171553,1980
30259,280334,1981
30268,277248,1982
30275,112823,1983
30279,335007,1984
30290,547883,1985
30298,378207,1986
30307,138272,1987
30316,17637,1988
30330,307002,1989
30338,89676,1990
30351,520150,1991
30358,428101,1992
30362,502349,1993
30365,13636,1994
30375,413287,1995
30376,202245,1996
30380,141498,1997
30383,4624,1998
30387,255527,1999
30393,255527,2000
30400,4704,2001
30423,275574,2002
30434,503639,2003
30441,465934,2004
30445,303749,2005
30469,545972,2006
30497,543619,2007
30511,121462,2008
30562,524843,2009
30571,486195,2010
30576,170327,2011
30590,437936,2012
30595,294616,2013
30605,304046,2014
30612,274517,2015
30618,268845,2016
30622,67555,2017
30651,469585,2018
30663,437879,2019
30669,111610,2020
30680,50982,2021
30693,517741,2022
30697,53978,2023
30718,264870,2024
30739,358440,2025
30745,299546,2026
30768,504033,2027
30775,264870,2028
30798,521114,2029
30802,208375,2030
30804,128316,2031
30809,542528,2032
30811,208375,2033
30815,445147,2034
30816,64741,2035
30821,441286,2036
30822,128316,2037
30827,542528,2038
30832,145294,2039
30853,245958,2040
30863,279279,2041
30873,395215,2042
30879,107729,2043
30886,312313,2044
30892,386375,2045
30895,131944,2046
30899,191151,2047
30904,288952,2048
30907,220085,2049
30912,50387,2050
30920,419978,2051
30921,78242,2052
30925,14960,2053
30935,444567,2054
30939,463934,2055
30941,84112,2056
30946,463313,2057
30949,84112,2058
30954,329071,2059
30963,475234,2060
30974,354090,2061
30989,464198,2062
31000,280772,2063
31003,78359,2064
31007,287533,2065
31025,363428,2066
31038,464207,2067
31045,152758,2068
31051,335007,2069
31054,89278,2070
31060,263164,2071
31069,453272,2072
31084,283031,2073
31114,423934,2074
31122,119487,2075
31144,58989,2076
31156,74354,2077
31168,62494,2078
31177,67152,2079
31191,521532,2080
31195,316312,2081
31213,219980,2082
31242,183393,2083
31250,223851,2084
31253,45156,2085
31257,404155,2086
31260,192636,2087
31265,23175,2088
31271,149250,2089
31287,202401,2090
31336,141343,2091
31353,91816,2092
31376,369899,2093
31392,214804,2094
31411,450237,2095
31418,529308,2096
31426,457222,2097
31430,219322,2098
31434,443155,2099
31437,443155,2100
31440,443155,2101
31441,188409,2102
31453,531212,2103
31459,315446,2104
31466,161318,2105
31474,38926,2106
31490,376908,2107
31494,38926,2108
31517,501512,2109
31532,213860,2110
31552,289508,2111
31564,504235,2112
31569,289685,2113
31593,528285,2114
31607,435500,2115
31616,146269,2116
31625,10861,2117
31630,500504,2118
31635,387833,2119
31642,276154,2120
31647,71651,2121
31654,362231,2122
31658,238496,2123
31663,505924,2124
31666,382295,2125
31686,528285,2126
31695,428205,2127
31717,539640,2128
31724,242523,2129
31735,291832,2130
31764,497625,2131
31778,140298,2132
31809,301886,2133
31820,223767,2134
31829,174631,2135
31838,337981,2136
31841,47797,2137
31847,347707,2138
31851,315381,2139
31859,341352,2140
31864,88413,2141
31873,382265,2142
31876,4102,2143
31883,357878,2144
31886,208375,2145
31889,337448,2146
31893,542528,2147
31903,377023,2148
31913,355427,2149
31915,312402,2150
31921,229998,2151
31925,161307,2152
31932,409202,2153
31942,535871,2154
31944,350365,2155
31950,265611,2156
31954,276495,2157
31962,127960,2158
31970,370860,2159
31980,329508,2160
31995,442368,2161
32000,235705,2162
32009,144283,2163
32029,517813,2164
32036,315446,2165
32045,101960,2166
32068,132287,2167
32071,13507,2168
32097,132286,2169
32105,308654,2170
32111,7834,2171
32117,26567,2172
32126,438364,2173
32129,67936,2174
32135,41256,2175
32138,17215,2176
32145,547254,2177
32149,101389,2178
32157,101389,2179
32178,384540,2180
32185,103520,2181
32198,250011,2182
32205,136296,2183
32212,478888,2184
32225,522415,2185
32230,365198,2186
32248,487203,2187
32261,490177,2188
32267,109422,2189
32271,55727,2190
32280,267803,2191
32294,269821,2192
32306,212864,2193
32322,490051,2194
32326,221870,2195
32330,378063,2196
32334,520891,2197
32337,167426,2198
32361,503374,2199
32386,424628,2200
32399,415698,2201
32402,124977,2202
32409,312520,2203
32416,282607,2204
32420,13636,2205
32427,201171,2206
32431,202245,2207
32437,387856,2208
32441,287495,2209
32444,303927,2210
32446,131944,2211
32448,3098,2212
32453,139762,2213
32464,152220,2214
32471,327599,2215
32476,228006,2216
32494,430982,2217
32498,39539,2218
32521,486552,2219
32528,423405,2220
32535,505924,2221
32538,256515,2222
32541,221870,2223
32543,153672,2224
32546,227683,2225
32549,179001,2226
32556,37874,2227
32579,293946,2228
32591,470671,2229
32593,136296,2230
32599,309494,2231
32605,547342,2232
32609,380082,2233
32612,361698,2234
32613,55107,2235
32617,361696,2236
32625,161472,2237
32646,443073,2238
32652,136713,2239
32665,311035,2240
32672,433118,2241
32683,542899,2242
32684,239451,2243
32689,542528,2244
32692,77793,2245
32733,104176,2246
32799,481690,2247
32807,311601,2248
32824,473895,2249
32826,334107,2250
32829,81384,2251
32833,344202,2252
32838,174471,2253
32843,25301,2254
32850,372238,2255
32855,413095,2256
32861,127085,2257
32870,331787,2258
32873,304985,2259
32882,478888,2260
32884,454021,2261
32890,417645,2262
32899,457766,2263
32903,378674,2264
32907,537472,2265
32908,131606,2266
32913,9526,2267
32945,222735,2268
32954,396741,2269
32961,400813,2270
32965,84839,2271
32973,531532,2272
32998,121462,2273
33082,517527,2274
33087,281988,2275
33091,112813,2276
33097,170327,2277
33100,433612,2278
33107,280772,2279
33109,51493,2280
33124,239826,2281
33134,490295,2282
33197,502809,2283
33221,323993,2284
33233,87081,2285
33266,506485,2286
33270,239211,2287
33279,78909,2288
33289,19752,2289
33298,38076,2290
33309,386375,2291
33312,252628,2292
33315,174172,2293
33320,537116,2294
33323,442646,2295
33325,266568,2296
33344,418605,2297
33349,332135,2298
33353,103148,2299
33374,342020,2300
33391,279516,2301
33408,316486,2302
33413,49230,2303
33426,134224,2304
33492,545972,2305
33528,10034,2306
33564,536741,2307
33576,110507,2308
33585,20185,2309
33594,207285,2310
33596,240095,2311
33611,174181,2312
33623,85046,2313
33639,234920,2314
33645,354072,2315
33648,465191,2316
33650,98075,2317
33655,521750,2318
33657,180100,2319
33669,547883,2320
33673,330244,2321
33683,461680,2322
33687,120615,2323
33701,521157,2324
33704,362571,2325
33707,372238,2326
33715,61891,2327
33791,158023,2328
33831,312007,2329
33835,241623,2330
33840,221870,2331
33844,507575,2332
33860,231148,2333
33895,53416,2334
33924,293070,2335
33939,140014,2336
33951,331603,2337
33965,385265,2338
33971,291163,2339
33988,386683,2340
34001,353931,2341
34012,203826,2342
34029,252984,2343
34037,335007,2344
34038,227683,2345
34047,535350,2346
34048,4085,2347
34053,168522,2348
34056,73466,2349
34061,217024,2350
34066,110816,2351
34071,275375,2352
34075,343803,2353
34079,347707,2354
34084,449093,2355
34087,394915,2356
34088,200103,2357
34104,66910,2358
34144,30515,2359
34158,178128,2360
34163,133069,2361
34178,263165,2362
34182,8558,2363
34188,110816,2364
34197,322781,2365
34205,219615,2366
34208,217024,2367
34233,212260,2368
34272,293920,2369
34302,366131,2370
34326,502108,2371
34334,347999,2372
34348,477697,2373
34355,251237,2374
34360,380082,2375
34363,21823,2376
34617,492399,2377
34695,444746,2378
34743,484103,2379
34763,269637,2380
34796,287458,2381
34816,394650,2382
34844,531535,2383
34855,336133,2384
34867,235705,2385
34874,2230,2386
34886,199179,2387
34906,373727,2388
34921,243158,2389
34928,99173,2390
34942,506982,2391
34948,383708,2392
34952,80361,2393
34959,275568,2394
34964,191369,2395
34972,470929,2396
34976,296908,2397
34994,366253,2398
35004,365196,2399
35017,164828,2400
35041,523685,2401
35045,84384,2402
35056,133099,2403
35067,359673,2404
35074,170327,2405
35076,2525,2406
35088,377832,2407
35118,366784,2408
35152,456623,2409
35169,66791,2410
35213,404752,2411
35220,233695,2412
35225,60840,2413
35234,12346,2414
35242,309494,2415
35245,454021,2416
35251,363813,2417
35256,77713,2418
35268,546598,2419
35276,516378,2420
35279,544664,2421
35305,255835,2422
35363,335171,2423
35375,60502,2424
35409,538078,2425
35413,123508,2426
35418,314450,2427
35431,111167,2428
35446,148017,2429
35456,422490,2430
35461,163163,2431
35468,288321,2432
35473,303549,2433
35478,414228,2434
35481,490282,2435
35483,9650,2436
35542,545678,2437
35546,5384,2438
35559,364760,2439
35577,526436,2440
35584,309704,2441
35590,74313,2442
35607,542678,2443
35614,462180,2444
35622,292331,2445
35631,522748,2446
35635,13475,2447
35643,121097,2448
35648,113748,2449
35656,89052,2450
35665,512100,2451
35666,13636,2452
35676,499031,2453
35679,102034,2454
35685,414228,2455
35690,537922,2456
35691,4624,2457
35699,305037,2458
35708,436141,2459
35710,244648,2460
35720,486636,2461
35723,226158,2462
35732,240416,2463
35737,290174,2464
35743,446726,2465
35746,377661,2466
35757,410930,2467
35776,120970,2468
35890,503771,2469
35899,97023,2470
35914,264947,2471
35915,158129,2472
35922,321512,2473
35928,263166,2474
35939,451794,2475
35945,505924,2476
35947,172754,2477
35951,12062,2478
35954,33551,2479
35966,364650,2480
35970,172754,2481
35975,29584,2482
35978,288952,2483
36020,544993,2484
36044,520043,2485
36055,284655,2486
36072,223513,2487
36080,22753,2488
36097,81900,2489
36118,467252,2490
36125,52665,2491
36250,450997,2492
36272,346543,2493
36279,104465,2494
36292,490929,2495
36296,164456,2496
36303,215266,2497
36308,260781,2498
36315,264947,2499
36317,292038,2500
36319,217261,2501
36323,292038,2502
36327,413584,2503
36339,247642,2504
36364,338137,2505
36368,505654,2506
36374,340186,2507
36377,356553,2508
36379,327599,2509
36388,378207,2510
36394,147571,2511
36413,440798,2512
36421,395623,2513
36433,476488,2514
36440,390184,2515
36451,484324,2516
36456,451013,2517
36467,520150,2518
36473,395215,2519
36479,456487,2520
36483,89052,2521
36487,19370,2522
36496,354313,2523
36501,276109,2524
36509,413287,2525
36514,445494,2526
36518,537922,2527
36519,60243,2528
36522,4624,2529
36539,152199,2530
36566,215112,2531
36596,465991,2532
36607,503396,2533
36616,257621,2534
36637,487659,2535
36641,207697,2536
36651,56946,2537
36667,258658,2538
36682,524962,2539
36683,148918,2540
36692,431508,2541
36694,78359,2542
36732,525406,2543
36762,459124,2544
36790,352994,2545
36831,500867,2546
36854,419009,2547
36877,443897,2548
36886,189286,2549
36904,358002,2550
36917,442607,2551
36920,5453,2552
36933,97128,2553
36944,499056,2554
36949,141343,2555
36968,438364,2556
36969,85664,2557
36975,66334,2558
36984,282602,2559
36988,448700,2560
36989,19097,2561
37008,32975,2562
37019,66281,2563
37037,48394,2564
37050,523549,2565
37051,87698,2566
37064,267466,2567
37071,543483,2568
37074,122147,2569
37080,377372,2570
37082,152001,2571
37088,217362,2572
37090,113217,2573
37094,231953,2574
37100,335007,2575
37120,179922,2576
37153,5384,2577
37172,255813,2578
37237,117409,2579
37263,300120,2580
37282,154140,2581
37307,300953,2582
37318,177753,2583
37326,325048,2584
37332,20888,2585
37341,353272,2586
37349,461964,2587
37354,72864,2588
37363,77110,2589
37369,222735,2590
37375,474241,2591
37378,293470,2592
37382,399687,2593
37386,394975,2594
37388,62861,2595
37402,175382,2596
37424,435660,2597
37433,149143,2598
37440,507575,2599
37444,458331,2600
37449,172383,2601
37488,69033,2602
37496,234089,2603
37506,111754,2604
37513,160702,2605
37521,270238,2606
37524,435234,2607
37528,468259,2608
37530,84309,2609
37536,344204,2610
37542,344204,2611
37547,344202,2612
37555,440423,2613
37558,174471,2614
37568,440425,2615
37571,115062,2616
37579,400924,2617
37582,80447,2618
37586,12060,2619
37592,264947,2620
37595,464340,2621
37597,272098,2622
37621,542826,2623
37632,522869,2624
37640,123802,2625
37661,360803,2626
37667,51660,2627
37686,113369,2628
37701,461219,2629
37710,499264,2630
37714,170304,2631
37764,426077,2632
37777,490063,2633
37783,280717,2634
37790,211808,2635
37797,249025,2636
37819,522331,2637
37826,360803,2638
37924,443731,2639
37977,269463,2640
38040,53841,2641
38081,349247,2642
38105,452729,2643
38118,448868,2644
38125,380243,2645
38130,186907,2646
38137,22558,2647
38145,244648,2648
38150,304504,2649
38151,109934,2650
38156,42018,2651
38183,533220,2652
38187,169502,2653
38192,116407,2654
38195,174471,2655
38202,344202,2656
38211,440425,2657
38212,128026,2658
38223,369146,2659
38226,37922,2660
38250,478116,2661
38261,346530,2662
38267,80361,2663
38278,381652,2664
38279,15018,2665
38288,328123,2666
38291,175869,2667
38295,350932,2668
38296,64191,2669
38308,51617,2670
38330,173303,2671
38333,262790,2672
38342,288321,2673
38346,303521,2674
38350,200511,2675
38355,298418,2676
38359,490282,2677
38367,136953,2678
38383,43288,2679
38394,147735,2680
38402,441286,2681
38405,445147,2682
38406,64741,2683
38409,236462,2684
38413,293470,2685
38416,399672,2686
38420,542864,2687
38425,433612,2688
38429,287016,2689
38460,167801,2690
38511,161883,2691
38526,191076,2692
38542,146900,2693
38559,113052,2694
38567,476054,2695
38569,68775,2696
38576,252628,2697
38581,478316,2698
38582,168501,2699
38585,46977,2700
38600,327059,2701
38627,431971,2702
38629,115521,2703
38633,380082,2704
38634,41256,2705
38638,193098,2706
38645,425584,2707
38649,364317,2708
38663,461015,2709
38667,221367,2710
38671,477532,2711
38675,420502,2712
38681,224007,2713
38682,413965,2714
38686,361696,2715
38689,361696,2716
38692,222382,2717
38697,520468,2718
38701,441286,2719
38704,445147,2720
38707,542528,2721
38708,2959,2722
38716,260685,2723
38720,471355,2724
38732,388133,2725
38741,446572,2726
38746,221367,2727
38751,515304,2728
38753,395816,2729
38758,415253,2730
38769,25749,2731
38950,234093,2732
39016,231184,2733
39037,197866,2734
39059,530008,2735
39071,464182,2736
39079,392391,2737
39085,169044,2738
39094,149459,2739
39102,86967,2740
39113,347287,2741
39121,437181,2742
39129,334761,2743
39137,461219,2744
39139,162579,2745
39152,302342,2746
39161,94800,2747
39167,303218,2748
39170,221362,2749
39173,230731,2750
39179,221362,2751
39182,280181,2752
39191,112814,2753
39210,288273,2754
39248,452678,2755
39255,31146,2756
39262,446826,2757
39265,28328,2758
39272,298838,2759
39277,345903,2760
39284,389114,2761
39287,345903,2762
39352,425681,2763
39428,518984,2764
39468,337486,2765
39490,216938,2766
39498,272062,2767
39505,201631,2768
39517,62296,2769
39531,185709,2770
39539,215320,2771
39554,335458,2772
39562,299566,2773
39571,463294,2774
39578,469316,2775
39583,471616,2776
39586,6984,2777
39595,431927,2778
39598,149250,2779
39601,361698,2780
39604,361698,2781
39606,168754,2782
39608,55107,2783
39613,57073,2784
39634,36892,2785
39654,336242,2786
39659,56946,2787
39672,332943,2788
39680,280502,2789
39681,33959,2790
39738,446488,2791
39773,445998,2792
39779,189151,2793
39800,325697,2794
39813,405822,2795
39817,19752,2796
39831,266342,2797
39839,450893,2798
39845,269006,2799
39849,296511,2800
39852,175869,2801
39854,46977,2802
39858,467601,2803
39860,13436,2804
39865,520439,2805
39868,520439,2806
39871,252184,2807
39947,531641,2808
39975,498010,2809
39983,471342,2810
39985,69880,2811
39993,343813,2812
40077,437413,2813
40114,540372,2814
40117,132215,2815
40123,74012,2816
40150,140456,2817
40246,273670,2818
40253,245498,2819
40260,162579,2820
40281,509112,2821
40293,533220,2822
40299,284992,2823
40302,138036,2824
40309,116407,2825
40321,212232,2826
40370,293032,2827
40398,365166,2828
40413,458567,2829
40415,5453,2830
40430,499056,2831
40434,204591,2832
40437,217261,2833
40441,292038,2834
40447,452788,2835
40449,118476,2836
40456,537472,2837
40462,395566,2838
40467,267768,2839
40469,161328,2840
40477,220061,2841
40481,337976,2842
40488,462944,2843
40493,203547,2844
40508,426077,2845
40518,238935,2846
40527,87493,2847
40542,243839,2848
40554,392919,2849
40561,163587,2850
40565,77227,2851
40569,183955,2852
40572,117068,2853
40587,430740,2854
40594,364760,2855
40602,74313,2856
40614,50948,2857
40623,173303,2858
40630,510439,2859
40633,262790,2860
40639,113748,2861
40649,371227,2862
40654,414228,2863
40659,524274,2864
40661,298418,2865
40666,456247,2866
40668,301690,2867
40672,141471,2868
40675,79786,2869
40692,189151,2870
40715,276395,2871
40722,301581,2872
40733,372164,2873
40740,383708,2874
40748,507063,2875
40751,337585,2876
40756,274521,2877
40760,438775,2878
40763,465191,2879
40767,481910,2880
40769,42560,2881
40777,461964,2882
40783,221445,2883
40792,222735,2884
40802,242523,2885
40810,24557,2886
40829,522928,2887
40831,78359,2888
40834,14280,2889
40851,373202,2890
40857,29932,2891
40863,183325,2892
40868,33373,2893
40874,286521,2894
40876,244648,2895
40880,45157,2896
40882,8157,2897
40886,269590,2898
40888,141160,2899
40900,347908,2900
40903,413095,2901
40908,84112,2902
40912,173411,2903
40918,529308,2904
40919,84112,2905
40923,173411,2906
40926,295308,2907
40938,545994,2908
40943,213604,2909
40969,270973,2910
41013,216507,2911
41061,240484,2912
41082,118399,2913
41094,208815,2914
41107,474169,2915
41139,287524,2916
41176,18059,2917
41232,214485,2918
41265,99883,2919
41296,292843,2920
41307,190509,2921
41313,118252,2922
41321,313239,2923
41324,116154,2924
41329,339336,2925
41340,255800,2926
41416,532991,2927
41422,389547,2928
41429,86735,2929
41441,507063,2930
41446,505734,2931
41450,469721,2932
41451,288072,2933
41456,238496,2934
41460,246173,2935
41467,147969,2936
41475,202927,2937
41479,317337,2938
41483,262777,2939
41486,249126,2940
41492,258819,2941
41510,300747,2942
41537,544170,2943
41539,62861,2944
41555,231618,2945
41576,149744,2946
41597,430451,2947
41601,78953,2948
41617,467177,2949
41622,321512,2950
41630,490295,2951
41634,448166,2952
41659,342254,2953
41678,346359,2954
41691,112313,2955
41704,201212,2956
41714,134175,2957
41723,108939,2958
41736,540519,2959
41738,45243,2960
41764,312017,2961
41788,401756,2962
41796,50774,2963
41819,484443,2964
41827,340397,2965
41836,405248,2966
41842,406903,2967
41850,425125,2968
41873,322841,2969
41889,67936,2970
41903,545919,2971
41913,387236,2972
41917,53541,2973
41925,207188,2974
41936,471375,2975
41940,361696,2976
41952,523549,2977
41954,87699,2978
41964,158496,2979
41971,24554,2980
41981,445322,2981
41989,415037,2982
41990,127683,2983
41998,377372,2984
42001,371910,2985
42006,339508,2986
42010,197818,2987
42013,45922,2988
42018,409927,2989
42024,147152,2990
42040,91816,2991
42051,152589,2992
42090,460517,2993
42095,148286,2994
42117,434433,2995
42133,414633,2996
42144,453071,2997
42151,325123,2998
42166,294760,2999
42172,92955,3000
42183,207834,3001
42190,287486,3002
42194,156330,3003
42202,365061,3004
42204,192266,3005
42207,27892,3006
42213,457372,3007
42216,519897,3008
42223,476156,3009
42225,82457,3010
42234,482546,3011
42239,261575,3012
42242,446726,3013
42246,16050,3014
42278,99780,3015
42363,533027,3016
42376,169330,3017
42416,232317,3018
42457,510767,3019
42465,138218,3020
42488,1994,3021
42528,451489,3022
42542,522339,3023
42546,276753,3024
42555,232272,3025
42562,124384,3026
42586,406080,3027
42596,495824,3028
42600,30039,3029
42613,262219,3030
42621,376122,3031
42628,477206,3032
42632,486120,3033
42634,227369,3034
42638,82924,3035
42657,312146,3036
42674,91722,3037
42707,363419,3038
42724,481100,3039
42733,306262,3040
42738,109138,3041
42748,180712,3042
42760,120631,3043
42767,318491,3044
42770,55727,3045
42787,137763,3046
42843,483126,3047
42855,215112,3048
42878,322563,3049
42897,503406,3050
42903,160798,3051
42921,280181,3052
42936,446037,3053
42948,331974,3054
42956,223767,3055
42964,287142,3056
42969,53528,3057
42976,335007,3058
42985,535871,3059
42988,226599,3060
42993,406965,3061
42995,23175,3062
43000,350365,3063
43005,29584,3064
43009,427532,3065
43010,138475,3066
43015,133099,3067
43028,280502,3068
43036,495066,3069
43037,170242,3070
43042,23338,3071
43061,535503,3072
43064,349244,3073
43071,289765,3074
43079,180712,3075
43089,360239,3076
43092,174206,3077
43107,238939,3078
43112,200920,3079
43120,338515,3080
43124,330244,3081
43132,303218,3082
43136,84839,3083
43143,270293,3084
43152,127085,3085
43165,537346,3086
43167,255527,3087
43172,77701,3088
43180,408908,3089
43182,51893,3090
43209,263165,3091
43215,133416,3092
43221,440525,3093
43224,391697,3094
43230,301684,3095
43236,136774,3096
43244,433711,3097
43252,544421,3098
43269,247343,3099
43305,280988,3100
43329,268827,3101
43341,464899,3102
43344,446826,3103
43347,28328,3104
43353,37883,3105
43415,528449,3106
43419,295064,3107
43437,522935,3108
43442,377538,3109
43452,354092,3110
43463,335007,3111
43464,90938,3112
43473,125175,3113
43479,329327,3114
43482,262777,3115
43484,47669,3116
43488,9526,3117
43522,289765,3118
43533,236045,3119
43537,112821,3120
43541,426017,3121
43550,153391,3122
43577,396743,3123
43593,543522,3124
43597,382792,3125
43606,353325,3126
43616,507063,3127
43620,212121,3128
43625,156783,3129
43634,413062,3130
43638,337592,3131
43640,101668,3132
43645,211006,3133
43651,213681,3134
43656,395427,3135
43659,517791,3136
43662,537116,3137
43664,140683,3138
43669,424741,3139
43678,158534,3140
43681,262790,3141
43716,102786,3142
43872,267589,3143
43978,421373,3144
44031,360322,3145
44061,81042,3146
44145,482033,3147
44173,271270,3148
44209,186312,3149
44232,94166,3150
44278,462530,3151
44296,120959,3152
44337,493075,3153
44361,422194,3154
44369,109197,3155
44404,376458,3156
44417,31953,3157
44437,54168,3158
44472,511373,3159
44482,233864,3160
44496,186585,3161
44510,202570,3162
44523,2348,3163
44539,44111,3164
44554,47521,3165
44571,331116,3166
44578,42176,3167
44596,462345,3168
44601,228303,3169
44611,136452,3170
44627,490100,3171
44633,73725,3172
44644,446662,3173
44655,429802,3174
44660,374193,3175
44671,160818,3176
44677,515626,3177
44683,112416,3178
44712,510393,3179
44714,192260,3180
44721,500105,3181
44725,12062,3182
44730,82924,3183
44732,189478,3184
44744,129719,3185
44774,355197,3186
44788,288738,3187
44802,389712,3188
44816,263268,3189
44830,276395,3190
44838,320317,3191
44843,188916,3192
44852,210166,3193
44860,311724,3194
44865,144469,3195
44874,456488,3196
44877,274521,3197
44881,338877,3198
44885,354072,3199
44887,169423,3200
44890,123654,3201
44895,521750,3202
44911,294698,3203
44924,311601,3204
44938,289804,3205
44945,38006,3206
44958,486322,3207
44963,416394,3208
44964,315279,3209
44999,485327,3210
45016,517168,3211
45018,21403,3212
45031,133331,3213
45038,127958,3214
45041,69059,3215
45045,286624,3216
45054,413249,3217
45062,237209,3218
45068,509314,3219
45071,54424,3220
45077,249599,3221
45082,541175,3222
45084,318313,3223
45088,485348,3224
45089,51981,3225
45094,289084,3226
45106,391925,3227
45116,365197,3228
45128,369920,3229
45136,337976,3230
45140,69474,3231
45146,78359,3232
45254,444736,3233
45296,223919,3234
45356,411592,3235
45384,254623,3236
45413,162613,3237
45447,189829,3238
45478,467157,3239
45486,130580,3240
45506,95834,3241
45537,349653,3242
45559,485361,3243
45574,407037,3244
45581,132836,3245
45602,209104,3246
45630,473120,3247
45637,343464,3248
45646,220205,3249
45661,335028,3250
45677,511464,3251
45681,60792,3252
45689,2230,3253
45706,524822,3254
45714,399038,3255
45725,398893,3256
45729,378519,3257
45753,484442,3258
45772,485621,3259
45776,435660,3260
45784,54182,3261
45800,405248,3262
45803,160749,3263
45809,322297,3264
45813,84836,3265
45816,100897,3266
45824,100695,3267
45832,127958,3268
45835,367144,3269
45841,329071,3270
46056,458888,3271
46165,351604,3272
46195,688,3273
46256,212539,3274
46281,149744,3275
46301,346811,3276
46314,340933,3277
46323,382445,3278
46336,491661,3279
46345,532724,3280
46383,541640,3281
46385,13752,3282
46424,539125,3283
46432,368792,3284
46440,284749,3285
46444,345246,3286
46449,114379,3287
46467,103118,3288
46505,512037,3289
46510,429668,3290
46522,402646,3291
46530,469396,3292
46532,353463,3293
46535,521506,3294
46541,379349,3295
46545,146619,3296
46552,264966,3297
46566,335171,3298
46578,263317,3299
46584,31173,3300
46601,526816,3301
46606,345624,3302
46613,522553,3303
46614,54424,3304
46619,5138,3305
46626,270238,3306
46629,435234,3307
46634,392318,3308
46636,167426,3309
46638,44945,3310
46641,169845,3311
46653,220705,3312
46681,389895,3313
46694,359862,3314
46707,401173,3315
46711,298735,3316
46715,247514,3317
46723,457072,3318
46726,82457,3319
46731,495814,3320
46733,356740,3321
46743,272470,3322
46751,463934,3323
46753,84112,3324
46760,383290,3325
46767,198055,3326
46782,532724,3327
46787,448427,3328
46794,526129,3329
46795,63572,3330
46799,51246,3331
46853,479931,3332
46919,482033,3333
46959,348418,3334
46985,41105,3335
47012,30209,3336
47037,52657,3337
47059,263425,3338
47079,506685,3339
47081,36240,3340
47095,395260,3341
47107,536575,3342
47113,541431,3343
47116,425584,3344
47133,69451,3345
47177,83941,3346
47243,500867,3347
47252,138428,3348
47266,28513,3349
47288,311354,3350
47298,306262,3351
47308,216065,3352
47316,499056,3353
47317,16164,3354
47324,36062,3355
47333,453193,3356
47335,150183,3357
47338,59102,3358
47345,480343,3359
47346,241283,3360
47349,173149,3361
47352,2876,3362
47364,232195,3363
47371,334881,3364
47374,541656,3365
47396,505359,3366
47402,56285,3367
47435,398509,3368
47449,484443,3369
47458,517035,3370
47463,141436,3371
47473,273685,3372
47482,262219,3373
47491,540519,3374
47494,230723,3375
47497,3098,3376
47505,265611,3377
47506,12785,3378
47516,183831,3379
47538,84512,3380
47555,6290,3381
47581,358512,3382
47586,37099,3383
47598,515626,3384
47609,134224,3385
47653,246646,3386
47663,110512,3387
47670,528782,3388
47673,412528,3389
47676,469642,3390
47678,354618,3391
47681,110507,3392
47689,542864,3393
47700,104770,3394
47740,423649,3395
47746,270559,3396
47759,103633,3397
47765,53069,3398
47771,39024,3399
47778,33371,3400
47790,399523,3401
47791,69059,3402
47797,331605,3403
47800,372935,3404
47810,270524,3405
47815,119540,3406
47820,486552,3407
47824,102292,3408
47830,125304,3409
47835,126974,3410
47839,45879,3411
47848,389114,3412
47850,125304,3413
47856,298838,3414
47859,45879,3415
47866,298838,3416
47871,345903,3417
47878,323227,3418
47887,202056,3419
47891,161328,3420
47897,78311,3421
47901,150707,3422
47909,216368,3423
47922,121551,3424
47976,248775,3425
48034,310366,3426
48054,117486,3427
48102,332908,3428
48119,62953,3429
48154,182116,3430
48189,300171,3431
48207,83619,3432
48237,255781,3433
48259,274265,3434
48289,510314,3435
48292,19148,3436
48310,85733,3437
48322,288778,3438
48331,278335,3439
48339,395566,3440
48344,267768,3441
48347,112285,3442
48375,461898,3443
48386,174206,3444
48402,393849,3445
48409,288126,3446
48416,139994,3447
48419,204468,3448
48424,343987,3449
48427,537076,3450
48428,411330,3451
48433,470197,3452
48435,327599,3453
48437,26060,3454
48469,194584,3455
48492,278593,3456
48496,80429,3457
48507,21270,3458
48517,192608,3459
48523,100001,3460
48527,206842,3461
48534,513201,3462
48536,241612,3463
48546,244532,3464
48555,354193,3465
48566,190064,3466
48575,13636,3467
48586,52588,3468
48602,522748,3469
48607,276495,3470
48613,188198,3471
48624,395215,3472
48630,428005,3473
48633,55907,3474
48638,19370,3475
48648,394849,3476
48649,96236,3477
48656,127958,3478
48661,414227,3479
48664,208154,3480
48669,298418,3481
48674,456247,3482
48678,495392,3483
48681,303749,3484
48698,166494,3485
48756,462174,3486
48781,413141,3487
48813,539013,3488
48815,19679,3489
48837,156266,3490
48868,503711,3491
48872,13169,3492
48895,258162,3493
48910,456160,3494
48912,288975,3495
48920,482725,3496
48924,334881,3497
48926,48933,3498
48948,121995,3499
48966,206340,3500
48984,344635,3501
49010,429837,3502
49018,206440,3503
49039,280696,3504
49046,342902,3505
49063,541139,3506
49070,444342,3507
49076,245190,3508
49084,286274,3509
49091,390836,3510
49095,230723,3511
49102,541298,3512
49103,18936,3513
49109,82924,3514
49120,269382,3515
49134,396166,3516
49138,219649,3517
49145,66574,3518
49154,470794,3519
49156,55727,3520
49162,377661,3521
49166,537472,3522
49167,77453,3523
49171,461279,3524
49174,68582,3525
49178,102542,3526
49222,543162,3527
49266,547392,3528
49281,246646,3529
49295,432505,3530
49301,207285,3531
49304,546586,3532
49321,412804,3533
49333,364176,3534
49340,492595,3535
49341,219649,3536
49348,66653,3537
49357,272379,3538
49365,463934,3539
49371,499031,3540
49376,538158,3541
49377,367144,3542
49388,370317,3543
49391,272379,3544
49396,413095,3545
49405,499031,3546
49407,85206,3547
49412,410601,3548
49423,162278,3549
49441,216724,3550
49447,35284,3551
49457,234292,3552
49469,328644,3553
49472,335486,3554
49483,320027,3555
49485,55727,3556
49492,500803,3557
49502,182520,3558
49516,201572,3559
49531,329470,3560
49536,288126,3561
49542,57824,3562
49550,335486,3563
49561,320027,3564
49564,78359,3565
49567,48712,3566
49581,326114,3567
49599,277248,3568
49607,153287,3569
49616,331974,3570
49626,377039,3571
49628,335486,3572
49640,366784,3573
49643,170327,3574
49645,48712,3575
49654,340186,3576
49659,66791,3577
49682,53198,3578
49712,518137,3579
49714,212232,3580
49728,356196,3581
49732,16111,3582
49745,280772,3583
49753,527915,3584
49755,243477,3585
49760,55727,3586
49798,311018,3587
49841,270262,3588
49878,208936,3589
49892,136713,3590
49909,429358,3591
49914,11462,3592
49929,346420,3593
49935,487032,3594
49941,538991,3595
49945,531640,3596
49965,289753,3597
49984,154741,3598
50001,55491,3599
50015,340335,3600
50021,141206,3601
50034,365944,3602
50037,157161,3603
50044,444527,3604
50045,322297,3605
50048,50167,3606
50053,128214,3607
50058,57920,3608
50066,535138,3609
50079,461234,3610
50086,157724,3611
50104,407103,3612
50114,372164,3613
50119,304046,3614
50127,10599,3615
50141,486799,3616
50143,207523,3617
50154,480375,3618
50159,293656,3619
50168,497490,3620
50172,157060,3621
50190,221400,3622
50192,158129,3623
50306,420643,3624
50401,193587,3625
50488,36893,3626
50576,127199,3627
50675,422155,3628
50719,293009,3629
50762,305604,3630
50798,272148,3631
50856,489771,3632
50860,22512,3633
50899,199701,3634
50930,491454,3635
50941,404060,3636
50971,404185,3637
50989,462012,3638
51001,377023,3639
51015,543938,3640
51016,42128,3641
51031,303329,3642
51044,524009,3643
51048,336385,3644
51052,116154,3645
51056,315279,3646
51069,203274,3647
51100,275571,3648
51115,423934,3649
51122,465335,3650
51130,492792,3651
51131,12086,3652
51141,453193,3653
51145,458137,3654
51147,315316,3655
51152,478888,3656
51155,284821,3657
51157,131944,3658
51173,337987,3659
51190,410927,3660
51194,170327,3661
51198,154372,3662
51211,529308,3663
51212,84112,3664
51217,16832,3665
51250,289765,3666
51286,167799,3667
51353,422195,3668
51390,477860,3669
51413,445204,3670
51447,444210,3671
51472,397745,3672
51485,288738,3673
51493,78836,3674
51507,22782,3675
51527,452472,3676
51529,132408,3677
51539,215320,3678
51554,243105,3679
51566,372637,3680
51572,327449,3681
51579,290134,3682
51585,74788,3683
51598,463487,3684
51600,337102,3685
51609,365285,3686
51613,250147,3687
51617,66334,3688
51624,126362,3689
51629,101668,3690
51634,15010,3691
51640,468003,3692
51646,485383,3693
51648,119112,3694
51653,517791,3695
51655,345483,3696
51657,18696,3697
51669,493941,3698
51672,462145,3699
51778,366691,3700
51888,278127,3701
51969,420580,3702
51980,49314,3703
52006,9893,3704
52030,50803,3705
52041,329735,3706
52048,346229,3707
52051,354618,3708
52055,447338,3709
52072,177644,3710
52112,404701,3711
52129,241647,3712
52157,376458,3713
52177,238822,3714
52191,91627,3715
52208,172194,3716
52233,358873,3717
52238,97674,3718
52253,290671,3719
52267,352450,3720
52272,76457,3721
52281,182679,3722
52287,512330,3723
52289,73466,3724
52293,45104,3725
52304,382408,3726
52312,205060,3727
52319,230731,3728
52327,120615,3729
52331,221362,3730
52346,547205,3731
52356,126433,3732
52371,274813,3733
52382,547254,3734
52388,547111,3735
52393,548116,3736
52403,546176,3737
52422,545994,3738
52430,240113,3739
52444,547257,3740
52446,165352,3741
52453,548116,3742
52470,99737,3743
52594,396135,3744
52637,331778,3745
52687,536075,3746
52711,446826,3747
52729,246373,3748
52761,415235,3749
52778,354669,3750
52801,396542,3751
52817,278740,3752
52844,356956,3753
52860,417199,3754
52867,147122,3755
52887,509547,3756
52893,231445,3757
52901,52236,3758
52919,535009,3759
52920,14254,3760
52935,212817,3761
52942,60074,3762
52947,109175,3763
52956,282318,3764
52958,411330,3765
52962,402636,3766
52964,113217,3767
52969,515083,3768
52971,241897,3769
52974,204315,3770
52978,121306,3771
52993,339154,3772
52996,394557,3773
53000,146317,3774
53007,529818,3775
53008,423341,3776
53013,412528,3777
53038,450130,3778
53051,320470,3779
53080,500896,3780
53084,123836,3781
53102,506541,3782
53106,326460,3783
53109,445930,3784
53113,492247,3785
53114,80680,3786
53123,78005,3787
53150,486636,3788
53152,63176,3789
53159,255527,3790
53165,84839,3791
53171,336486,3792
53173,36956,3793
53182,151456,3794
53211,247059,3795
53225,469885,3796
53227,12971,3797
53258,486636,3798
53261,74862,3799
53269,303218,3800
53275,204966,3801
53280,408908,3802
53285,45252,3803
53313,486636,3804
53315,63176,3805
53326,429927,3806
53331,225233,3807
53335,408908,3808
53344,504965,3809
53349,388132,3810
53360,537816,3811
53361,107781,3812
53366,505654,3813
53369,14315,3814
53400,214715,3815
53419,143357,3816
53437,179871,3817
53455,480500,3818
53463,460518,3819
53469,85494,3820
53482,355806,3821
53488,335958,3822
53498,313191,3823
53504,260220,3824
53514,501967,3825
53518,445322,3826
53525,530707,3827
53526,34464,3828
53533,245730,3829
53540,341839,3830
53543,323534,3831
53547,304631,3832
53552,457203,3833
53553,309625,3834
53557,490377,3835
53567,93106,3836
53643,308357,3837
53661,2683,3838
53697,158841,3839
53722,451372,3840
53725,119170,3841
53736,330244,3842
53745,296540,3843
53748,230413,3844
53752,77445,3845
53762,271753,3846
53779,353748,3847
53783,227999,3848
53787,33054,3849
53791,210439,3850
53797,267520,3851
53809,350839,3852
53817,47156,3853
53828,252738,3854
53833,501788,3855
53835,210439,3856
53841,267520,3857
53845,407638,3858
53848,416387,3859
53851,413584,3860
53853,467601,3861
53865,162714,3862
53887,65878,3863
53925,441304,3864
53949,88312,3865
54015,416895,3866
54052,338700,3867
54098,526689,3868
54118,266126,3869
54134,159037,3870
54164,351110,3871
54182,301184,3872
54193,118399,3873
54212,489673,3874
54215,208815,3875
54225,290148,3876
54232,218537,3877
54239,172861,3878
54250,150450,3879
54265,172446,3880
54299,458934,3881
54306,53293,3882
54349,431108,3883
54362,156415,3884
54388,244471,3885
54407,312399,3886
54422,264686,3887
54433,249104,3888
54452,388751,3889
54463,528331,3890
54467,267988,3891
54479,425507,3892
54486,387434,3893
54493,234939,3894
54498,41233,3895
54510,469808,3896
54511,109934,3897
54523,388324,3898
54525,195027,3899
54533,299842,3900
54539,20888,3901
54547,364647,3902
54551,4085,3903
54559,394975,3904
54563,330428,3905
54564,322297,3906
54567,168522,3907
54572,320166,3908
54594,175604,3909
54703,438641,3910
54755,462544,3911
54793,430888,3912
54812,148725,3913
54844,122330,3914
54878,462792,3915
54894,407628,3916
54899,220205,3917
54921,515271,3918
54929,267328,3919
54935,61337,3920
54947,210464,3921
54961,234757,3922
54967,83599,3923
54975,142980,3924
54988,382482,3925
54995,269696,3926
55000,53654,3927
55006,291163,3928
55021,343601,3929
55029,302845,3930
55074,216625,3931
55133,61148,3932
55158,348108,3933
55175,482929,3934
55189,517525,3935
55202,487203,3936
55206,234292,3937
55214,78359,3938
55218,433612,3939
55222,413584,3940
55223,175657,3941
55248,46639,3942
55563,232501,3943
55610,390045,3944
55640,212539,3945
55680,530205,3946
55689,169911,3947
55704,121919,3948
55718,29866,3949
55726,185031,3950
55728,29260,3951
55747,450876,3952
55752,89208,3953
55765,34120,3954
55783,427063,3955
55788,141436,3956
55800,465905,3957
55805,295873,3958
55809,379559,3959
55814,436830,3960
55817,541175,3961
55819,167426,3962
55821,109437,3963
55826,399687,3964
55827,45501,3965
55832,289084,3966
55834,149680,3967
55840,145753,3968
55860,398163,3969
55865,115914,3970
55872,144106,3971
55877,151862,3972
55883,433711,3973
55885,113217,3974
55893,271884,3975
55904,540207,3976
55908,537472,3977
55909,41256,3978
55916,320332,3979
55950,114138,3980
56053,51130,3981
56211,547579,3982
56265,483861,3983
56325,479518,3984
56357,237442,3985
56441,524390,3986
56474,335564,3987
56498,56342,3988
56576,508576,3989
56608,469283,3990
56632,329428,3991
56669,336128,3992
56702,354742,3993
56738,514297,3994
56759,337822,3995
56782,129305,3996
56819,326441,3997
56834,103808,3998
56866,253947,3999
56892,299942,4000
56922,371295,4001
56938,170107,4002
56960,240693,4003
56982,270508,4004
57004,183883,4005
57014,12562,4006
57035,91232,4007
57057,334441,4008
57071,109271,4009
57084,2348,4010
57108,519887,4011
57111,36240,4012
57132,531408,4013
57139,407878,4014
57150,233388,4015
57159,433116,4016
57163,49504,4017
57171,20193,4018
57185,448673,4019
57193,153130,4020
57202,484570,4021
57204,285731,4022
57212,465309,4023
57218,331028,4024
57220,60316,4025
57242,126433,4026
57255,226158,4027
57271,547257,4028
57272,78535,4029
57296,548142,4030
57300,126430,4031
57316,274813,4032
57327,545429,4033
57332,165352,4034
57337,111722,4035
57352,223285,4036
57364,341344,4037
57371,440425,4038
57375,479970,4039
57376,12060,4040
57382,531801,4041
57383,111722,4042
57402,385591,4043
57406,317254,4044
57414,344202,4045
57420,353272,4046
57423,12062,4047
57426,306740,4048
57432,122622,4049
57448,385591,4050
57457,341352,4051
57458,25301,4052
57467,479970,4053
57468,12060,4054
57474,531801,4055
57475,229556,4056
57479,301119,4057
57488,181666,4058
57501,535681,4059
57507,341326,4060
57512,344202,4061
57516,314443,4062
57522,29584,4063
57524,306740,4064
57533,412129,4065
57541,512853,4066
57542,7606,4067
57561,525488,4068
57562,6372,4069
57567,364317,4070
57574,90938,4071
57584,111754,4072
57593,307436,4073
57598,338137,4074
57600,69083,4075
57606,515304,4076
57607,107781,4077
57611,249126,4078
57615,329071,4079
57625,388342,4080
57630,22700,4081
57653,348631,4082
57679,490961,4083
57683,6557,4084
57708,351669,4085
57721,322787,4086
57726,34120,4087
57736,3883,4088
57751,529308,4089
57754,364650,4090
57757,129718,4091
57763,379559,4092
57766,249599,4093
57770,435234,4094
57775,485348,4095
57777,399672,4096
57781,286151,4097
57784,198204,4098
57803,463382,4099
57806,221400,4100
57810,464340,4101
57811,257413,4102
57814,179001,4103
57825,223046,4104
57833,321616,4105
57843,341326,4106
57851,440425,4107
57855,479970,4108
57857,12062,4109
57861,330314,4110
57863,1282,4111
57909,270524,4112
57919,322928,4113
57930,542780,4114
57935,110748,4115
57944,543666,4116
57945,119540,4117
57953,518638,4118
57957,170242,4119
57963,520439,4120
57974,289417,4121
57986,353444,4122
57990,219322,4123
58004,435500,4124
58019,521114,4125
58025,293044,4126
58031,6213,4127
58039,238935,4128
58048,377832,4129
58050,410601,4130
58053,63572,4131
58057,28914,4132
58062,221870,4133
58066,530421,4134
58067,139762,4135
58071,317640,4136
58074,276029,4137
58083,320163,4138
58086,443571,4139
58109,377022,4140
58131,500896,4141
58135,123836,4142
58153,358440,4143
58159,101389,4144
58166,90096,4145
58175,109591,4146
58184,496699,4147
58185,367144,4148
58191,517962,4149
58193,173160,4150
58197,492247,4151
58222,97874,4152
58291,383716,4153
58331,494029,4154
58345,357741,4155
58362,231865,4156
58380,261756,4157
58404,543483,4158
58415,399158,4159
58429,537001,4160
58434,157449,4161
58453,330371,4162
58457,36397,4163
58473,500110,4164
58477,87699,4165
58487,73937,4166
58497,70872,4167
58513,506982,4168
58517,242626,4169
58524,312520,4170
58532,269006,4171
58538,145588,4172
58541,62554,4173
58551,282768,4174
58554,126362,4175
58563,456488,4176
58564,138407,4177
58573,405565,4178
58574,10980,4179
58582,207963,4180
58583,50647,4181
58589,215280,4182
58592,490377,4183
58596,413461,4184
58597,170680,4185
58600,169423,4186
58607,514322,4187
58621,93614,4188
58684,505374,4189
58703,379549,4190
58729,262028,4191
58743,67901,4192
58766,1585,4193
58803,320064,4194
58819,273870,4195
58834,88379,4196
58861,518930,4197
58864,139208,4198
58888,400798,4199
58902,536783,4200
58909,245639,4201
58924,504946,4202
58932,274441,4203
58947,486875,4204
58948,11212,4205
58963,351881,4206
58978,503551,4207
58986,481511,4208
58989,12303,4209
59004,421283,4210
59012,341352,4211
59013,241113,4212
59026,339010,4213
59031,349757,4214
59037,507060,4215
59043,408401,4216
59045,249773,4217
59052,293701,4218
59056,53577,4219
59060,14979,4220
59066,144876,4221
59070,323531,4222
59076,353272,4223
59081,469721,4224
59083,298418,4225
59087,119112,4226
59090,4123,4227
59096,365096,4228
59099,448700,4229
59102,535855,4230
59104,357878,4231
59107,221870,4232
59110,186966,4233
59113,131944,4234
59119,333710,4235
59127,537472,4236
59129,81664,4237
59137,45104,4238
59142,42565,4239
59179,519172,4240
59180,34069,4241
59198,381137,4242
59205,108247,4243
59215,345790,4244
59218,89278,4245
59222,188409,4246
59240,489563,4247
59255,497820,4248
59259,412310,4249
59262,202056,4250
59282,321826,4251
59307,363420,4252
59319,253868,4253
59335,365198,4254
59345,234292,4255
59352,348108,4256
59363,499056,4257
59368,477570,4258
59371,156021,4259
59379,335007,4260
59380,227683,4261
59384,321320,4262
59421,126713,4263
59540,231148,4264
59592,403820,4265
59625,522331,4266
59651,488705,4267
59660,368252,4268
59673,73,4269
59712,517885,4270
59724,304374,4271
59739,263489,4272
59750,275371,4273
59767,222737,4274
59783,505411,4275
59785,15127,4276
59794,118252,4277
59804,74163,4278
59811,252738,4279
59815,267299,4280
59819,363574,4281
59821,360803,4282
59828,473115,4283
59846,243825,4284
59882,515625,4285
59903,424628,4286
59930,474939,4287
59939,159178,4288
59963,445673,4289
59974,294724,4290
59988,130050,4291
60004,210570,4292
60018,140174,4293
60037,514143,4294
60040,128808,4295
60056,279223,4296
60062,215320,4297
60076,250015,4298
60083,134175,4299
60092,108939,4300
60102,215266,4301
60107,22545,4302
60117,124977,4303
60127,376122,4304
60130,107400,4305
60141,118813,4306
60147,464133,4307
60153,312313,4308
60156,66338,4309
60164,367291,4310
60170,412100,4311
60177,365061,4312
60179,298418,4313
60185,473690,4314
60186,45287,4315
60190,27892,4316
60195,12062,4317
60200,287495,4318
60201,138475,4319
60206,303927,4320
60207,60243,4321
60212,457372,4322
60215,519897,4323
60217,27959,4324
60219,80680,4325
60224,58675,4326
60228,125304,4327
60232,104619,4328
60248,138094,4329
60255,217508,4330
60259,257413,4331
60262,179001,4332
60266,223212,4333
60268,123128,4334
60272,199497,4335
60276,447338,4336
60278,199497,4337
60291,465393,4338
60327,540957,4339
60349,373238,4340
60364,194405,4341
60380,185626,4342
60397,375255,4343
60407,462883,4344
60412,421963,4345
60417,201221,4346
60421,419621,4347
60424,446826,4348
60429,468511,4349
60430,179001,4350
60434,52693,4351
60438,343987,4352
60461,515129,4353
60477,351716,4354
60485,257175,4355
60493,8817,4356
60574,146709,4357
60605,504003,4358
60608,149339,4359
60618,198707,4360
60631,388282,4361
60640,286107,4362
60646,270850,4363
60651,222735,4364
60656,231953,4365
60684,252788,4366
60727,10035,4367
60761,257397,4368
60782,546598,4369
60791,369072,4370
60799,432505,4371
60803,547111,4372
60810,171972,4373
60812,239451,4374
60816,208375,4375
60820,445147,4376
60821,65047,4377
60826,542528,4378
60827,9650,4379
60892,9284,4380
60923,151748,4381
60949,547256,4382
60952,189478,4383
60965,372395,4384
60968,165352,4385
60974,109233,4386
60981,512545,4387
60983,208375,4388
60987,445147,4389
60988,65047,4390
60992,155318,4391
61033,543161,4392
61068,38978,4393
61095,218281,4394
61117,547257,4395
61123,322928,4396
61127,5384,4397
61135,165352,4398
61141,109233,4399
61146,239451,4400
61151,441286,4401
61153,337448,4402
61157,546586,4403
61160,542528,4404
61175,530618,4405
61177,51162,4406
61187,53936,4407
61197,238989,4408
61203,334721,4409
61209,484369,4410
61210,322302,4411
61215,360107,4412
61227,134225,4413
61284,10035,4414
61317,218281,4415
61334,535399,4416
61345,322928,4417
61350,110507,4418
61358,546303,4419
61366,171972,4420
61370,512545,4421
61371,155316,4422
61375,337448,4423
61379,546586,4424
61381,155318,4425
61390,482546,4426
61394,219322,4427
61396,245030,4428
61399,144403,4429
61403,95357,4430
61412,221632,4431
61417,87423,4432
61421,402636,4433
61425,344635,4434
61428,390746,4435
61433,32819,4436
61511,350406,4437
61548,391036,4438
61583,458383,4439
61593,22044,4440
61634,463234,4441
61653,387972,4442
61660,873,4443
61682,114651,4444
61696,11773,4445
61725,522415,4446
61731,204831,4447
61744,234292,4448
61754,171553,4449
61766,411004,4450
61774,97202,4451
61779,263163,4452
61790,499056,4453
61794,357139,4454
61799,203547,4455
61805,352680,4456
61808,3464,4457
61814,78359,4458
61818,433612,4459
61821,321320,4460
61825,449093,4461
61826,47797,4462
61832,36956,4463
61871,265358,4464
61915,337987,4465
61956,444048,4466
61975,95730,4467
62008,155846,4468
62031,201572,4469
62051,126757,4470
62077,322563,4471
62095,503396,4472
62107,238783,4473
62125,372238,4474
62137,204831,4475
62154,356196,4476
62160,171553,4477
62170,277221,4478
62181,216065,4479
62187,263165,4480
62195,444709,4481
62197,52177,4482
62207,470794,4483
62209,148918,4484
62215,105174,4485
62220,78359,4486
62225,509043,4487
62226,49061,4488
62230,315381,4489
62239,496149,4490
62240,112799,4491
62250,361837,4492
62257,462501,4493
62265,457646,4494
62270,493941,4495
62273,233222,4496
62275,293336,4497
62280,530943,4498
62281,68969,4499
62293,420499,4500
62297,447338,4501
62299,199497,4502
62315,365166,4503
62333,547107,4504
62350,545994,4505
62358,201574,4506
62375,249702,4507
62377,94085,4508
62393,321616,4509
62399,113034,4510
62410,149985,4511
62419,341322,4512
62431,391732,4513
62435,363073,4514
62439,78535,4515
62445,26369,4516
62455,440423,4517
62459,302516,4518
62463,24022,4519
62469,314450,4520
62473,436116,4521
62478,29584,4522
62480,306740,4523
62486,77307,4524
62516,547205,4525
62535,546891,4526
62547,523685,4527
62548,111722,4528
62562,226158,4529
62578,385591,4530
62583,127346,4531
62595,329470,4532
62600,317254,4533
62608,90608,4534
62614,335486,4535
62624,547111,4536
62629,341836,4537
62634,174471,4538
62642,318491,4539
62645,24022,4540
62652,353272,4541
62654,48712,4542
62658,12060,4543
62664,531801,4544
62668,298135,4545
62676,398182,4546
62679,123128,4547
62683,199497,4548
62728,369796,4549
62755,476092,4550
62761,73937,4551
62777,519498,4552
62782,352253,4553
62794,352183,4554
62798,97893,4555
62806,193364,4556
62814,429844,4557
62820,199467,4558
62825,34799,4559
62833,98663,4560
62840,290865,4561
62846,201878,4562
62855,457714,4563
62859,392206,4564
62867,527073,4565
62874,487657,4566
62878,397693,4567
62883,209823,4568
62890,509537,4569
62892,138889,4570
62898,190062,4571
62902,54424,4572
62910,280497,4573
62912,12746,4574
62920,275015,4575
62922,951,4576
62930,460955,4577
62933,304631,4578
62938,452195,4579
62939,205959,4580
62945,406965,4581
62948,125175,4582
62952,165873,4583
62955,64051,4584
62961,472121,4585
62963,39840,4586
62968,75731,4587
62973,382799,4588
62978,265611,4589
62979,446665,4590
62984,517791,4591
62987,535855,4592
62989,318313,4593
62991,218871,4594
62996,427532,4595
62999,238496,4596
63001,175869,4597
63004,229998,4598
63008,485348,4599
63011,511862,4600
63012,68641,4601
63016,82457,4602
63027,233263,4603
63041,54528,4604
63056,99183,4605
63064,491470,4606
63067,407638,4607
63070,416387,4608
63073,444034,4609
63075,171028,4610
63086,249702,4611
63093,292617,4612
63103,223285,4613
63112,293044,4614
63119,278731,4615
63130,518638,4616
63134,26369,4617
63147,490295,4618
63151,336468,4619
63159,440425,4620
63161,113592,4621
63168,448166,4622
63169,314443,4623
63173,170242,4624
63177,63572,4625
63184,463375,4626
63186,12062,4627
63190,330314,4628
63192,183955,4629
63197,530421,4630
63199,443571,4631
63202,167426,4632
63206,353015,4633
63209,122613,4634
63224,358440,4635
63231,82400,4636
63239,198055,4637
63254,341344,4638
63257,276029,4639
63269,469669,4640
63272,100695,4641
63279,238935,4642
63288,440423,4643
63291,113592,4644
63296,410601,4645
63300,314450,4646
63303,170242,4647
63307,63572,4648
63312,435234,4649
63317,29584,4650
63321,531801,4651
63324,238496,4652
63325,164133,4653
63329,443571,4654
63331,139762,4655
63336,353015,4656
63339,143671,4657
63361,434288,4658
63366,398182,4659
63369,123128,4660
63373,103148,4661
63377,535228,4662
63379,199497,4663
63395,255815,4664
63454,500917,4665
63459,98855,4666
63468,243985,4667
63476,67537,4668
63490,362909,4669
63492,55712,4670
63501,86735,4671
63510,97893,4672
63520,467909,4673
63528,476153,4674
63534,438850,4675
63542,526356,4676
63549,507060,4677
63557,526816,4678
63562,345624,4679
63567,20903,4680
63572,12346,4681
63584,531490,4682
63587,206513,4683
63595,457714,4684
63597,33528,4685
63603,31054,4686
63613,340064,4687
63615,15018,4688
63626,399523,4689
63628,436873,4690
63636,499031,4691
63637,101668,4692
63642,54424,4693
63647,33373,4694
63653,122537,4695
63661,505734,4696
63665,414228,4697
63670,460955,4698
63672,304629,4699
63677,372221,4700
63680,277036,4701
63683,202245,4702
63688,125175,4703
63694,463766,4704
63697,256515,4705
63699,64051,4706
63706,484566,4707
63707,39840,4708
63713,262777,4709
63717,382799,4710
63721,273419,4711
63725,29584,4712
63728,447929,4713
63730,401533,4714
63735,446022,4715
63738,535855,4716
63740,318313,4717
63744,478037,4718
63746,214465,4719
63750,238496,4720
63752,334107,4721
63756,537116,4722
63758,229998,4723
63760,139762,4724
63764,511816,4725
63766,68641,4726
63771,492247,4727
63779,178173,4728
63798,388324,4729
63799,19345,4730
63808,495814,4731
63809,349236,4732
63813,356740,4733
63823,53222,4734
63893,352799,4735
63928,392363,4736
63965,470445,4737
63984,165039,4738
64005,133761,4739
64028,147214,4740
64054,367827,4741
64077,495940,4742
64093,381610,4743
64101,180578,4744
64117,387987,4745
64128,471356,4746
64132,300448,4747
64139,150444,4748
64153,353275,4749
64155,43572,4750
64167,463938,4751
64174,470404,4752
64175,73031,4753
64182,174240,4754
64186,97264,4755
64211,97420,4756
64318,324908,4757
64341,274270,4758
64364,310111,4759
64375,150077,4760
64396,517445,4761
64400,112623,4762
64414,264468,4763
64418,144106,4764
64427,434764,4765
64430,242226,4766
64434,57920,4767
64442,496657,4768
64447,357272,4769
64448,422,4770
64454,437733,4771
64455,187112,4772
64487,321821,4773
64507,27423,4774
64570,276695,4775
64623,540421,4776
64651,534920,4777
64659,39540,4778
64697,306998,4779
64709,51175,4780
64741,235844,4781
64751,873,4782
64788,548255,4783
64796,365199,4784
64814,332097,4785
64823,17442,4786
64839,357410,4787
64847,411004,4788
64853,27941,4789
64859,263151,4790
64870,192985,4791
64874,165352,4792
64884,336745,4793
64890,207285,4794
64893,126775,4795
64896,55727,4796
64901,240095,4797
64904,208375,4798
64908,445147,4799
64910,155318,4800
64914,360239,4801
64937,120615,4802
65065,513318,4803
65082,247407,4804
65111,438664,4805
65131,509112,4806
65150,418122,4807
65154,3954,4808
65186,393054,4809
65200,464218,4810
65210,224484,4811
65221,253676,4812
65237,532242,4813
65248,527558,4814
65249,8050,4815
65266,505411,4816
65276,509639,4817
65278,208408,4818
65288,269696,4819
65292,193828,4820
65299,166948,4821
65306,244754,4822
65313,476208,4823
65316,437578,4824
65318,131606,4825
65322,315279,4826
65327,420228,4827
65353,417607,4828
65361,121740,4829
65370,219322,4830
65372,144403,4831
65423,80379,4832
65714,110776,4833
65758,157436,4834
65787,547944,4835
65796,269571,4836
65813,126441,4837
65826,138325,4838
65833,94085,4839
65848,283137,4840
65860,321616,4841
65870,436949,4842
65877,127346,4843
65890,408058,4844
65892,128544,4845
65904,429236,4846
65913,328644,4847
65922,535215,4848
65929,486195,4849
65933,341836,4850
65938,6213,4851
65950,526347,4852
65954,336468,4853
65962,547343,4854
65968,440425,4855
65973,320027,4856
65975,31442,4857
65983,335852,4858
65987,429007,4859
65990,314450,4860
65995,270238,4861
65999,472423,4862
66001,28914,4863
66007,29584,4864
66010,330314,4865
66014,238496,4866
66015,164133,4867
66019,443571,4868
66021,139762,4869
66024,123128,4870
66027,94800,4871
66030,93478,4872
66034,199497,4873
66036,5465,4874
66142,168941,4875
66406,454413,4876
66431,392538,4877
66444,545966,4878
66454,48448,4879
66482,545994,4880
66493,181666,4881
66502,274813,4882
66509,102612,4883
66521,82400,4884
66532,293044,4885
66545,547256,4886
66551,153287,4887
66557,278731,4888
66568,429236,4889
66578,377039,4890
66586,535215,4891
66591,363073,4892
66600,469669,4893
66605,110816,4894
66612,398182,4895
66619,362231,4896
66625,547342,4897
66630,344204,4898
66634,243477,4899
66639,31442,4900
66647,335852,4901
66649,367144,4902
66655,353272,4903
66659,270238,4904
66661,48712,4905
66668,463375,4906
66672,265611,4907
66673,306740,4908
66678,238496,4909
66679,164133,4910
66682,161487,4911
66686,167426,4912
66690,447338,4913
66691,94800,4914
66695,484070,4915
66699,287016,4916
66701,317640,4917
66739,489415,4918
66756,175382,4919
66781,199179,4920
66804,219781,4921
66819,351669,4922
66832,300910,4923
66848,287800,4924
66861,383169,4925
66871,79444,4926
66884,173707,4927
66896,59223,4928
66914,504946,4929
66919,233402,4930
66932,301581,4931
66941,201731,4932
66947,66078,4933
66962,372164,4934
66965,44778,4935
66979,401165,4936
66987,10627,4937
66996,328528,4938
67000,78426,4939
67011,423025,4940
67017,507063,4941
67023,415037,4942
67029,507789,4943
67033,112046,4944
67040,495490,4945
67045,405565,4946
67048,323534,4947
67051,197814,4948
67055,381352,4949
67059,429715,4950
67063,535855,4951
67065,294926,4952
67068,391269,4953
67070,231176,4954
67074,445930,4955
67078,528417,4956
67079,54847,4957
67082,12785,4958
67087,428059,4959
67123,485510,4960
67146,289740,4961
67166,191076,4962
67189,165463,4963
67207,407868,4964
67223,407647,4965
67239,509512,4966
67242,79444,4967
67262,490051,4968
67265,29564,4969
67279,59223,4970
67294,435716,4971
67304,395623,4972
67309,44613,4973
67320,30039,4974
67337,486207,4975
67342,300959,4976
67349,50982,4977
67358,238665,4978
67367,10599,4979
67381,517741,4980
67383,144469,4981
67391,136733,4982
67398,247239,4983
67405,478810,4984
67408,105500,4985
67414,178971,4986
67418,101668,4987
67424,323532,4988
67427,152001,4989
67431,74283,4990
67435,347707,4991
67439,490377,4992
67442,294926,4993
67446,526636,4994
67448,357878,4995
67452,528417,4996
67453,54847,4997
67458,82924,4998
67459,8157,4999
